filename,attribute
female_18_A8ALGRK_face_1.jpg,aligned
female_18_A8ESE8E_face_0.jpg,aligned
female_18_A8EZSSK_face_0.jpg,aligned
female_18_A8GSKYO_face_0.jpg,aligned
female_18_A8SRN8R_face_0.jpg,aligned
female_18_AEASGUH_face_1.jpg,aligned
female_18_ALNLHUK_face_0.jpg,aligned
female_18_ALRERYS_face_0.jpg,aligned
female_18_ALSQRZH_face_0.jpg,aligned
female_18_ARA8SMG_face_0.jpg,aligned
female_18_ARKROMG_face_1.jpg,aligned
female_18_ARNSEYK_face_0.jpg,aligned
female_18_ARNUK8R_face_0.jpg,aligned
female_18_AUAMKMB_face_0.jpg,aligned
female_18_AUKEBRA_face_0.jpg,aligned
female_18_AUKLHES_face_0.jpg,aligned
female_18_ALEQOYO_face_0.jpg,aligned
female_18_AQBESU_face_0.jpg,aligned
female_18_ASOMSQO_face_0.jpg,aligned
female_18_AUKZALK_face_0.jpg,aligned
female_18_AZSQEEK_face_0.jpg,aligned
female_18_BYAQBZH_face_1.jpg,aligned
female_18_ELKUGLK_face_1.jpg,aligned
female_18_ESEEREN_face_0.jpg,aligned
female_18_GQBRA8H_face_2.jpg,aligned
female_18_KSESBLS_face_0.jpg,aligned
female_18_OMOSHMB_face_0.jpg,aligned
female_18_OYSSREG_face_0.jpg,aligned
female_18_RLBSOER_face_0.jpg,aligned
female_18_AZHEGMK_face_0.jpg,aligned
female_18_AZNLOUN_face_0.jpg,aligned
female_18_AZSZRSK_face_0.jpg,aligned
female_18_B8B8NEG_face_0.jpg,aligned
female_18_B8RLGZG_face_0.jpg,aligned
female_18_BQEQH8H_face_0.jpg,aligned
female_18_BQHZRRS_face_1.jpg,aligned
female_18_BZHMBUE_face_0.jpg,aligned
female_18_BZSZRZN_face_0.jpg,aligned
female_18_E8GQNME_face_0.jpg,aligned
female_18_E8GSSYO_face_0.jpg,aligned
female_18_E8NROEO_face_0.jpg,aligned
female_18_EMGUHRG_face_0.jpg,aligned
female_18_EQKLEYK_face_0.jpg,aligned
female_18_EQRRGZN_face_0.jpg,aligned
female_18_EZGMEZO_face_0.jpg,aligned
female_18_GES8AMG_face_1.jpg,aligned
female_18_GMSLHZA_face_0.jpg,aligned
female_18_GQNYGSO_face_1.jpg,aligned
female_18_GRS8RQG_face_0.jpg,aligned
female_18_GUNQSYN_face_0.jpg,aligned
female_18_GUOZK8K_face_0.jpg,aligned
female_18_KZG8BYN_face_1.jpg,aligned
female_18_NUGROSS_face_0.jpg,aligned
female_18_NUHEK8O_face_1.jpg,aligned
female_18_NZALNQA_face_1.jpg,aligned
female_18_OSELKYG_face_1.jpg,aligned
female_18_OSKQHZS_face_0.jpg,aligned
female_18_OYEYGQH_face_0.jpg,aligned
female_18_OZBYKZA_face_1.jpg,aligned
female_18_OZGQSEE_face_0.jpg,aligned
female_18_OZHQBES_face_0.jpg,aligned
female_18_OZOQALE_face_2.jpg,aligned
female_18_OZSUNQE_face_1.jpg,aligned
female_18_R8H8KL_face_0.jpg,aligned
female_18_RLA8OLO_face_0.jpg,aligned
female_18_RLAQAYK_face_0.jpg,aligned
female_18_RLBUOQB_face_0.jpg,aligned
female_18_RLESSRR_face_0.jpg,aligned
female_18_RLNYARK_face_0.jpg,aligned
female_18_RLNYNMS_face_1.jpg,aligned
female_18_RLOMHQR_face_0.jpg,aligned
female_18_RLRQEQN_face_0.jpg,aligned
female_18_RLSSE8B_face_0.jpg,aligned
female_18_RMGRAYN_face_0.jpg,aligned
female_18_RMNLSUS_face_0.jpg,aligned
female_18_RMNYKRR_face_0.jpg,aligned
female_18_RQA8RLO_face_0.jpg,aligned
female_18_RQAEHMH_face_0.jpg,aligned
female_18_RQAMSLR_face_1.jpg,aligned
female_18_RQAYAZN_face_0.jpg,aligned
female_18_RQBQBYG_face_0.jpg,aligned
female_18_RQEUOYR_face_0.jpg,aligned
female_18_RQG8ALS_face_0.jpg,aligned
female_18_RQHQAMK_face_1.jpg,aligned
female_18_RQKQA8K_face_0.jpg,aligned
female_18_RQNSBLO_face_0.jpg,aligned
female_18_RQORNZR_face_1.jpg,aligned
female_18_RQREBSE_face_1.jpg,aligned
female_18_RQRQGEK_face_0.jpg,aligned
female_18_RRBEOEE_face_0.jpg,aligned
female_18_RRGMNZK_face_0.jpg,aligned
female_18_RRHEHYG_face_0.jpg,aligned
female_18_RRHMAYS_face_0.jpg,aligned
female_18_RRHMSZE_face_0.jpg,aligned
female_18_RRHQRUB_face_0.jpg,aligned
female_18_RRHSSRS_face_0.jpg,aligned
female_18_RRHUGRN_face_0.jpg,aligned
female_18_RRKQSZA_face_0.jpg,aligned
female_18_RRN8EQR_face_1.jpg,aligned
female_18_RRNEALR_face_0.jpg,aligned
female_18_RRNUOMR_face_0.jpg,aligned
female_18_RRNZH8B_face_0.jpg,aligned
female_18_RRO8H8R_face_0.jpg,aligned
female_18_RROEBEO_face_1.jpg,aligned
female_18_RROREYN_face_0.jpg,aligned
female_18_RROUOSE_face_0.jpg,aligned
female_18_RROYOYG_face_0.jpg,aligned
female_18_RLOZEZS_face_0.jpg,aligned
female_18_RLSYKZE_face_0.jpg,aligned
female_18_RQA8HEE_face_0.jpg,aligned
female_18_RQGLGMG_face_0.jpg,aligned
female_18_RRAMNUO_face_0.jpg,aligned
female_18_RRGEKEB_face_1.jpg,aligned
female_18_RRHLBZA_face_0.jpg,aligned
female_18_RRKQSRO_face_0.jpg,aligned
female_18_RRKSGMK_face_1.jpg,aligned
female_18_RRNQKZB_face_0.jpg,aligned
female_18_RRNZAZA_face_0.jpg,aligned
female_18_RROUE8R_face_0.jpg,aligned
female_18_RROZAQH_face_0.jpg,aligned
female_18_RROZAUH_face_0.jpg,aligned
female_18_RROZGZS_face_1.jpg,aligned
female_18_RRRRRZO_face_0.jpg,aligned
female_18_RRRYSRA_face_0.jpg,aligned
female_18_RRSLOYE_face_0.jpg,aligned
female_18_RSBRNLR_face_1.jpg,aligned
female_18_RSEYEZE_face_0.jpg,aligned
female_18_RSKMR8E_face_0.jpg,aligned
female_18_RSNRS8G_face_0.jpg,aligned
female_18_RSOEORA_face_0.jpg,aligned
female_18_RUAYESK_face_0.jpg,aligned
female_18_RUEEOUS_face_1.jpg,aligned
female_18_RUERKZA_face_1.jpg,aligned
female_18_RUHMKEG_face_0.jpg,aligned
female_18_RUOLBUB_face_0.jpg,aligned
female_18_RUOQAEO_face_0.jpg,aligned
female_18_RUORB8N_face_1.jpg,aligned
female_18_RURZSUN_face_0.jpg,aligned
female_18_RUSSSMG_face_0.jpg,aligned
female_18_RYAQAQK_face_0.jpg,aligned
female_18_RYARHQH_face_0.jpg,aligned
female_19_ALNYORH_face_0.jpg,aligned
female_19_AMNUOLN_face_0.jpg,aligned
female_19_ARAQAMS_face_0.jpg,aligned
female_19_AREYGRO_face_1.jpg,aligned
female_19_ARGSBSO_face_0.jpg,aligned
female_19_ARHUHRR_face_1.jpg,aligned
female_19_BYAUORK_face_0.jpg,aligned
female_19_BYEZOYN_face_0.jpg,aligned
female_19_GRGQERS_face_0.jpg,aligned
female_19_GUBZAMR_face_0.jpg,aligned
female_19_KRKRGLA_face_0.jpg,aligned
female_19_NYEUHQS_face_0.jpg,aligned
female_19_O8KMRSN_face_0.jpg,aligned
female_19_OYESKSH_face_1.jpg,aligned
female_19_OZARHQG_face_0.jpg,aligned
female_19_OZGZSYG_face_0.jpg,aligned
female_19_OZHYRLA_face_0.jpg,aligned
female_19_RLAUH8A_face_0.jpg,aligned
female_19_RLBQR8G_face_0.jpg,aligned
female_19_RLHZRYO_face_0.jpg,aligned
female_19_RLKYELG_face_0.jpg,aligned
female_19_RLRMAEB_face_0.jpg,aligned
female_19_RMAMSMK_face_1.jpg,aligned
female_19_RMEROMR_face_0.jpg,aligned
female_19_RMHQESB_face_0.jpg,aligned
female_18_RRRUHEA_face_0.jpg,aligned
female_18_RSEURMH_face_0.jpg,aligned
female_18_RUARASA_face_0.jpg,aligned
female_18_RUN8HLK_face_1.jpg,aligned
female_18_RUSYSMB_face_1.jpg,aligned
female_19_A8BYH8A_face_0.jpg,aligned
female_19_AQRMRZH_face_0.jpg,aligned
female_19_BSBUS8B_face_0.jpg,aligned
female_19_EYAUEM_face_0.jpg,aligned
female_19_OES8BSO_face_0.jpg,aligned
female_19_RLBREUR_face_0.jpg,aligned
female_19_RLKZEUG_face_0.jpg,aligned
female_19_RQHYAMK_face_0.jpg,aligned
female_19_RQNLBYB_face_0.jpg,aligned
female_19_RQR8RSN_face_0.jpg,aligned
female_19_RRESHZK_face_0.jpg,aligned
female_19_RRGMHRA_face_0.jpg,aligned
female_19_RRGQEMB_face_0.jpg,aligned
female_19_RRH8OLO_face_0.jpg,aligned
female_19_RRKMHLR_face_1.jpg,aligned
female_19_RRNEEEH_face_0.jpg,aligned
female_19_RRNSOYE_face_0.jpg,aligned
female_19_RRNZREG_face_0.jpg,aligned
female_19_RRO8KYA_face_0.jpg,aligned
female_19_RRO8RZR_face_0.jpg,aligned
female_19_RSNEESB_face_0.jpg,aligned
female_19_RURQSMA_face_0.jpg,aligned
female_19_RYHZKYB_face_1.jpg,aligned
female_19_RYKES8H_face_0.jpg,aligned
female_20_AERRBSR_face_0.jpg,aligned
female_20_ALBMSLK_face_0.jpg,aligned
female_20_ALBUKQN_face_0.jpg,aligned
female_20_ALSYSZO_face_0.jpg,aligned
female_20_AQERAYN_face_1.jpg,aligned
female_20_AQRRKEN_face_1.jpg,aligned
female_20_ARNZRMH_face_0.jpg,aligned
female_20_ASGLHSA_face_0.jpg,aligned
female_20_ASKQO8N_face_1.jpg,aligned
female_20_ASKQSEE_face_0.jpg,aligned
female_20_AYNEB8S_face_0.jpg,aligned
female_20_AZR8BQK_face_0.jpg,aligned
female_20_AZRZBYO_face_0.jpg,aligned
female_20_BZERBEG_face_0.jpg,aligned
female_20_E8HMAYK_face_0.jpg,aligned
female_20_ELSMGLG_face_0.jpg,aligned
female_20_EQAUA8G_face_0.jpg,aligned
female_20_EQGEHUE_face_1.jpg,aligned
female_20_EQGYGUB_face_0.jpg,aligned
female_20_EUEQASE_face_0.jpg,aligned
female_20_EUOLGZS_face_0.jpg,aligned
female_20_EURYKEA_face_0.jpg,aligned
female_20_G8ELG8B_face_1.jpg,aligned
female_20_GQEZAZB_face_0.jpg,aligned
female_20_GRHZHZH_face_0.jpg,aligned
female_20_GSNQBEA_face_2.jpg,aligned
female_20_KRHLBUK_face_1.jpg,aligned
female_20_KRHLBUK_face_2.jpg,aligned
female_20_KSBEKRO_face_0.jpg,aligned
female_20_N8GYBQS_face_1.jpg,aligned
female_20_O8GLKSR_face_0.jpg,aligned
female_20_O8SLAYA_face_0.jpg,aligned
female_20_OEGENMO_face_0.jpg,aligned
female_20_ORAYOUB_face_1.jpg,aligned
female_20_OZNUSMA_face_0.jpg,aligned
female_20_RLASSUK_face_0.jpg,aligned
female_20_RLERNMK_face_0.jpg,aligned
female_19_RRA8GZR_face_2.jpg,aligned
female_19_RRGZBZR_face_1.jpg,aligned
female_19_RRNZORR_face_0.jpg,aligned
female_19_RRRUGSG_face_2.jpg,aligned
female_19_RUNMSYS_face_0.jpg,aligned
female_20_AEGYBME_face_0.jpg,aligned
female_20_AQAZKRO_face_0.jpg,aligned
female_20_AUGRS8R_face_0.jpg,aligned
female_20_BRNZASO_face_1.jpg,aligned
female_20_ELGLEMS_face_0.jpg,aligned
female_20_EZOUAZN_face_0.jpg,aligned
female_20_KZSEOLB_face_0.jpg,aligned
female_20_ORAYOUB_face_0.jpg,aligned
female_18_RLKMRUE_face_0.jpg,aligned
female_18_RROYSUG_face_2.jpg,aligned
female_19_RQHYALO_face_0.jpg,aligned
female_20_RLGRBSO_face_1.jpg,aligned
female_21_RQELOMO_face_0.jpg,aligned
female_23_ARAMNER_face_0.jpg,aligned
female_24_RQRRELA_face_0.jpg,aligned
female_26_RRKYEER_face_0.jpg,aligned
female_30_OUERELR_face_0.jpg,aligned
female_20_RLGYELN_face_0.jpg,aligned
female_20_RLHRO8G_face_0.jpg,aligned
female_20_RLKEEUG_face_1.jpg,aligned
female_20_RLNQBRR_face_0.jpg,aligned
female_20_RLNSHQE_face_0.jpg,aligned
female_20_RLNZEUN_face_0.jpg,aligned
female_20_RLRQASK_face_0.jpg,aligned
female_20_RLRROSR_face_0.jpg,aligned
female_20_RLRUR8S_face_0.jpg,aligned
female_20_RMARSQH_face_0.jpg,aligned
female_20_RMHROQG_face_0.jpg,aligned
female_20_RMKYNSN_face_1.jpg,aligned
female_20_RMSMAQH_face_1.jpg,aligned
female_20_RQBESLG_face_0.jpg,aligned
female_20_RQBQHRB_face_0.jpg,aligned
female_20_RQBQKZB_face_0.jpg,aligned
female_20_RQKZHLH_face_1.jpg,aligned
female_20_RRB8BYB_face_0.jpg,aligned
female_20_RRN8KRG_face_0.jpg,aligned
female_20_RRN8KYO_face_1.jpg,aligned
female_20_RRNENSK_face_0.jpg,aligned
female_20_RRNQBEN_face_0.jpg,aligned
female_20_RSB8BLN_face_0.jpg,aligned
female_20_RSGEERE_face_1.jpg,aligned
female_20_RSGEERE_face_2.jpg,aligned
female_20_RSKUOZG_face_0.jpg,aligned
female_20_RSNLRMB_face_0.jpg,aligned
female_20_RUH8KUH_face_0.jpg,aligned
female_20_RUNYALB_face_0.jpg,aligned
female_20_RUOUGQR_face_0.jpg,aligned
female_20_RURQGRR_face_0.jpg,aligned
female_20_RYHSOZB_face_0.jpg,aligned
female_20_RYNQK8A_face_0.jpg,aligned
female_20_RYOESEK_face_0.jpg,aligned
female_21_AESMRRK_face_0.jpg,aligned
female_21_ALB8OZN_face_0.jpg,aligned
female_21_AUNQAYG_face_0.jpg,aligned
female_21_AYBZEEK_face_0.jpg,aligned
female_21_B8SMHMG_face_0.jpg,aligned
female_21_BLA8AMR_face_0.jpg,aligned
female_21_BLAQSZA_face_1.jpg,aligned
female_21_BMASGZB_face_0.jpg,aligned
female_21_BQKMGRG_face_0.jpg,aligned
female_21_BQRROYN_face_0.jpg,aligned
female_21_BSOLKRS_face_0.jpg,aligned
female_21_E8OQNEG_face_0.jpg,aligned
female_21_EEAUBLN_face_0.jpg,aligned
female_21_EQE8SSS_face_0.jpg,aligned
female_21_ERGQBMO_face_0.jpg,aligned
female_21_GLARRRO_face_0.jpg,aligned
female_21_GRNQKLG_face_0.jpg,aligned
female_21_GUEEOLN_face_0.jpg,aligned
female_21_GUOSGMR_face_0.jpg,aligned
female_21_KSNQN8K_face_1.jpg,aligned
female_21_KYEQOZN_face_0.jpg,aligned
female_21_N8ESS8N_face_0.jpg,aligned
female_21_NMERA8E_face_1.jpg,aligned
female_21_OEB8S8H_face_0.jpg,aligned
female_21_OESRBEH_face_0.jpg,aligned
female_21_OLBSHUA_face_0.jpg,aligned
female_21_ORAMKMS_face_0.jpg,aligned
female_21_OUOLBLA_face_0.jpg,aligned
female_21_OYBQGEE_face_0.jpg,aligned
female_21_RLARRZR_face_0.jpg,aligned
female_21_RLEMSLS_face_1.jpg,aligned
female_21_RLOUOYA_face_1.jpg,aligned
female_21_RLRMBQR_face_0.jpg,aligned
female_21_RLS8RQE_face_2.jpg,aligned
female_21_RLSRG8S_face_0.jpg,aligned
female_21_RMKMRRN_face_0.jpg,aligned
female_21_RMSMRYA_face_0.jpg,aligned
female_21_RMSSGEN_face_0.jpg,aligned
female_20_RLRYEMO_face_1.jpg,aligned
female_20_RQG8NRB_face_0.jpg,aligned
female_20_RRHRAMH_face_0.jpg,aligned
female_20_RRSSAZA_face_0.jpg,aligned
female_20_RSRUOEH_face_0.jpg,aligned
female_20_RYHZNZN_face_0.jpg,aligned
female_21_ARBLSEO_face_0.jpg,aligned
female_21_AZGLGRS_face_1.jpg,aligned
female_21_BQSZSSE_face_0.jpg,aligned
female_21_EYNRESR_face_0.jpg,aligned
female_21_GROYOYR_face_0.jpg,aligned
female_21_NYBZNUA_face_0.jpg,aligned
female_21_RLHYHSK_face_0.jpg,aligned
female_21_RQHRSMA_face_0.jpg,aligned
female_21_RQHUNLO_face_0.jpg,aligned
female_21_RQNQEEO_face_0.jpg,aligned
female_21_RQNRHMO_face_0.jpg,aligned
female_21_RRGLGQS_face_0.jpg,aligned
female_21_RRHLNSN_face_0.jpg,aligned
female_21_RRK8SSA_face_1.jpg,aligned
female_21_RRNUKZG_face_0.jpg,aligned
female_21_RRNZESN_face_0.jpg,aligned
female_21_RROLEYH_face_1.jpg,aligned
female_21_RROMGUH_face_0.jpg,aligned
female_21_RROMHRE_face_0.jpg,aligned
female_21_RROUN8S_face_0.jpg,aligned
female_21_RROYBSN_face_2.jpg,aligned
female_21_RRRROSS_face_0.jpg,aligned
female_21_RRRUGMB_face_0.jpg,aligned
female_21_RSEMRYH_face_1.jpg,aligned
female_21_RSGZAYS_face_1.jpg,aligned
female_21_RSKURRR_face_0.jpg,aligned
female_21_RUR8GUA_face_0.jpg,aligned
female_21_RYAYO8N_face_1.jpg,aligned
female_21_RYE8KSS_face_0.jpg,aligned
female_21_RYHSOZG_face_0.jpg,aligned
female_21_RYRMKRS_face_0.jpg,aligned
female_22_ALBZNUR_face_0.jpg,aligned
female_22_ARHSNQB_face_0.jpg,aligned
female_22_AROLRQR_face_1.jpg,aligned
female_22_BUEUHLS_face_0.jpg,aligned
female_22_BZNUBSB_face_1.jpg,aligned
female_22_EUHENQH_face_0.jpg,aligned
female_22_EZHEBEH_face_0.jpg,aligned
female_22_GMOYA8E_face_0.jpg,aligned
female_22_K8OQGRB_face_0.jpg,aligned
female_22_K8OUSLO_face_0.jpg,aligned
female_22_KEO8BZG_face_0.jpg,aligned
female_22_KLORSLO_face_0.jpg,aligned
female_22_KQEQSSH_face_1.jpg,aligned
female_22_KQOMBLN_face_1.jpg,aligned
female_22_NEBROZN_face_0.jpg,aligned
female_22_NROMNLR_face_0.jpg,aligned
female_22_NROSSRO_face_0.jpg,aligned
female_22_NYKLOEN_face_0.jpg,aligned
female_22_NZAENY_face_0.jpg,aligned
female_22_O8RLRLE_face_0.jpg,aligned
female_22_OEOSEMO_face_0.jpg,aligned
female_22_RLAMSZE_face_0.jpg,aligned
female_22_RLBEALB_face_0.jpg,aligned
female_22_RLE8ARE_face_0.jpg,aligned
female_22_RLELERS_face_0.jpg,aligned
female_22_RLEMBZH_face_0.jpg,aligned
female_22_RLKYBLB_face_0.jpg,aligned
female_22_RLNLOSS_face_0.jpg,aligned
female_22_RLRZAZO_face_1.jpg,aligned
female_22_RMGSORB_face_0.jpg,aligned
female_22_RQKQRRB_face_0.jpg,aligned
female_22_RQSURUN_face_0.jpg,aligned
female_22_RRBMGUR_face_0.jpg,aligned
female_22_RRGMGYB_face_0.jpg,aligned
female_22_RRGYNZR_face_1.jpg,aligned
female_22_RRNEA8B_face_0.jpg,aligned
female_22_RRNEHLS_face_0.jpg,aligned
female_22_RRNYAQK_face_0.jpg,aligned
female_22_RRO8H8G_face_0.jpg,aligned
female_22_RRR8KQB_face_0.jpg,aligned
female_22_RRRQNUH_face_0.jpg,aligned
female_22_RRSLAYH_face_1.jpg,aligned
female_22_RRSRNLG_face_1.jpg,aligned
female_22_RSEZARK_face_0.jpg,aligned
female_22_RSGZKLG_face_0.jpg,aligned
female_22_RSORELN_face_1.jpg,aligned
female_22_RSRESSE_face_0.jpg,aligned
female_22_RUEMOLE_face_0.jpg,aligned
female_22_RUN8OMN_face_0.jpg,aligned
female_22_RUNSAUK_face_0.jpg,aligned
female_22_RYGLNMR_face_0.jpg,aligned
female_22_RYRLSMB_face_1.jpg,aligned
female_23_AEBZKYA_face_0.jpg,aligned
female_23_AQOEAER_face_0.jpg,aligned
female_21_RRNQELN_face_0.jpg,aligned
female_21_RROLRES_face_0.jpg,aligned
female_21_RSRLB8O_face_0.jpg,aligned
female_22_AEOZKRB_face_0.jpg,aligned
female_22_ELOZBEK_face_0.jpg,aligned
female_22_GUG8KR_face_0.jpg,aligned
female_22_NEREOMG_face_0.jpg,aligned
female_22_OZO8GSK_face_0.jpg,aligned
female_22_RMBUBZK_face_1.jpg,aligned
female_22_RQRLRYK_face_0.jpg,aligned
female_22_RRKZKUH_face_0.jpg,aligned
female_22_RSESKSG_face_0.jpg,aligned
female_22_RUOQAYR_face_1.jpg,aligned
female_23_ARAQGMA_face_0.jpg,aligned
female_23_ARKZH8G_face_0.jpg,aligned
female_23_AUGUNLH_face_0.jpg,aligned
female_23_AUNYKEE_face_0.jpg,aligned
female_23_BQORHYN_face_0.jpg,aligned
female_23_BSRUASB_face_1.jpg,aligned
female_23_E8BSN8_face_0.jpg,aligned
female_23_EEEUHMK_face_0.jpg,aligned
female_23_ELH8R8R_face_1.jpg,aligned
female_23_ERBMKYN_face_0.jpg,aligned
female_23_ERRMSLS_face_0.jpg,aligned
female_23_ESO8NUS_face_2.jpg,aligned
female_23_EUOYNSO_face_0.jpg,aligned
female_23_EYALSSG_face_0.jpg,aligned
female_23_GEHRR8S_face_0.jpg,aligned
female_23_GENZEMG_face_0.jpg,aligned
female_23_GYESBMS_face_0.jpg,aligned
female_23_GYHMRZO_face_0.jpg,aligned
female_23_KEGZBLR_face_0.jpg,aligned
female_23_KYKMK8A_face_0.jpg,aligned
female_23_NQAMEMA_face_1.jpg,aligned
female_23_NQBLOEH_face_1.jpg,aligned
female_23_NQGRKRN_face_0.jpg,aligned
female_23_NSHLHQA_face_0.jpg,aligned
female_23_NUBMSMK_face_0.jpg,aligned
female_23_OZBENSE_face_0.jpg,aligned
female_23_RLAUOMA_face_0.jpg,aligned
female_23_RLGMO8A_face_0.jpg,aligned
female_23_RLGUGLA_face_0.jpg,aligned
female_23_RLKENLA_face_0.jpg,aligned
female_23_RLN8RYE_face_2.jpg,aligned
female_23_RLNLGZK_face_0.jpg,aligned
female_23_RLOSH8G_face_0.jpg,aligned
female_23_RLRSSLE_face_0.jpg,aligned
female_23_RMOYSZA_face_0.jpg,aligned
female_23_RMREGLK_face_1.jpg,aligned
female_23_RQALBQB_face_0.jpg,aligned
female_23_RQBLKQH_face_0.jpg,aligned
female_23_RQBSKSH_face_0.jpg,aligned
female_23_RQGQHZO_face_0.jpg,aligned
female_23_RRBMOEH_face_1.jpg,aligned
female_23_RREQKUR_face_0.jpg,aligned
female_23_RRGQOQE_face_1.jpg,aligned
female_23_RRKQALN_face_1.jpg,aligned
female_23_RRNEA8O_face_3.jpg,aligned
female_23_RRNEARS_face_0.jpg,aligned
female_23_RRNRNQR_face_0.jpg,aligned
female_23_RRNSNZA_face_0.jpg,aligned
female_23_RRSLGSH_face_1.jpg,aligned
female_23_RRSLNZA_face_0.jpg,aligned
female_23_RRSSBMN_face_0.jpg,aligned
female_23_RSB8AER_face_0.jpg,aligned
female_23_RSE8BSH_face_0.jpg,aligned
female_23_RSOQSUA_face_1.jpg,aligned
female_23_RUHUKUE_face_0.jpg,aligned
female_23_RUKZNZR_face_0.jpg,aligned
female_23_RUOLNLR_face_1.jpg,aligned
female_23_RYEUKQS_face_0.jpg,aligned
female_23_RYRSBLR_face_0.jpg,aligned
female_23_RZNYGQ_face_0.jpg,aligned
female_24_A8RLBMR_face_0.jpg,aligned
female_24_AEOYBQK_face_1.jpg,aligned
female_24_ALSQBUK_face_0.jpg,aligned
female_24_AMA8ALA_face_0.jpg,aligned
female_24_AROSOLK_face_1.jpg,aligned
female_24_ARRYSUA_face_0.jpg,aligned
female_24_AUELSQE_face_0.jpg,aligned
female_24_AYBEKRN_face_0.jpg,aligned
female_24_AZAQRSE_face_2.jpg,aligned
female_24_AZGROLK_face_0.jpg,aligned
female_24_B8KMGZR_face_0.jpg,aligned
female_24_BEERARE_face_0.jpg,aligned
female_24_BYAEALH_face_0.jpg,aligned
female_24_BYRMGMR_face_0.jpg,aligned
female_24_BZSEHY_face_0.jpg,aligned
female_24_EYERNYK_face_0.jpg,aligned
female_24_GEHLBEK_face_0.jpg,aligned
female_24_GYG8AUG_face_0.jpg,aligned
female_24_GZALNMH_face_0.jpg,aligned
female_24_KLB8OSG_face_0.jpg,aligned
female_24_KSHUOEH_face_0.jpg,aligned
female_24_NMORAQE_face_0.jpg,aligned
female_24_OEE8GRG_face_0.jpg,aligned
female_24_OURZOUE_face_0.jpg,aligned
female_24_OYBQSQN_face_0.jpg,aligned
female_24_OZH8HMR_face_0.jpg,aligned
female_24_RLA8NSH_face_0.jpg,aligned
female_24_RLBYAEO_face_1.jpg,aligned
female_24_RLGZHMA_face_0.jpg,aligned
female_24_RLRYAEA_face_1.jpg,aligned
female_24_RMKLSMH_face_0.jpg,aligned
female_24_RMN8ASA_face_0.jpg,aligned
female_24_RMNQHSO_face_0.jpg,aligned
female_24_RQAZAER_face_2.jpg,aligned
female_24_RQGRRYH_face_0.jpg,aligned
female_24_RQHQEYK_face_0.jpg,aligned
female_24_RQK8BSA_face_0.jpg,aligned
female_24_RQNSRZN_face_0.jpg,aligned
female_23_E8SSH8S_face_0.jpg,aligned
female_23_G8REG8K_face_0.jpg,aligned
female_23_NLSSNEK_face_0.jpg,aligned
female_23_RLAUREO_face_0.jpg,aligned
female_23_RMERKRB_face_0.jpg,aligned
female_23_RQOUE8S_face_0.jpg,aligned
female_23_RRSLAMN_face_0.jpg,aligned
female_23_RUGMK8A_face_0.jpg,aligned
female_24_AEASHSN_face_1.jpg,aligned
female_24_AYHSNQK_face_0.jpg,aligned
female_24_E8GERSN_face_0.jpg,aligned
female_24_NMHLAZS_face_0.jpg,aligned
female_24_RLSMNRK_face_0.jpg,aligned
female_24_RQRZKZS_face_0.jpg,aligned
female_24_RRGMESB_face_0.jpg,aligned
female_24_RRHSGQB_face_0.jpg,aligned
female_24_RRK8AEE_face_1.jpg,aligned
female_24_RRNENYG_face_0.jpg,aligned
female_24_RRNMRZA_face_0.jpg,aligned
female_24_RRO8NLO_face_0.jpg,aligned
female_24_RROLGLG_face_0.jpg,aligned
female_24_RROSOYN_face_0.jpg,aligned
female_24_RRRRHRA_face_0.jpg,aligned
female_24_RUNYHYA_face_0.jpg,aligned
female_24_RUSQOSS_face_0.jpg,aligned
female_24_RYE8ERH_face_0.jpg,aligned
female_24_RYNMGYA_face_0.jpg,aligned
female_25_AQERBYG_face_1.jpg,aligned
female_25_AQGUE8S_face_1.jpg,aligned
female_25_ARA8RMH_face_0.jpg,aligned
female_25_AUSUNYO_face_0.jpg,aligned
female_25_AZESRYR_face_1.jpg,aligned
female_25_AZHUNMH_face_1.jpg,aligned
female_25_AZORAYO_face_0.jpg,aligned
female_25_AZRUA8A_face_0.jpg,aligned
female_25_ELNZBZO_face_0.jpg,aligned
female_25_GYRZOUK_face_0.jpg,aligned
female_25_KLOESQO_face_0.jpg,aligned
female_25_KMBEBSN_face_0.jpg,aligned
female_25_KRKZREE_face_0.jpg,aligned
female_25_KSOYOEB_face_0.jpg,aligned
female_25_NENSNUR_face_1.jpg,aligned
female_25_RLA8BRH_face_0.jpg,aligned
female_25_RLERGLN_face_0.jpg,aligned
female_25_RLERNSE_face_0.jpg,aligned
female_25_RLNYRRB_face_0.jpg,aligned
female_25_RQBLGLK_face_0.jpg,aligned
female_25_RQBRERA_face_0.jpg,aligned
female_25_RQBZBRS_face_0.jpg,aligned
female_25_RQNEKSK_face_0.jpg,aligned
female_25_RQNYBSB_face_0.jpg,aligned
female_25_RQOSG8K_face_1.jpg,aligned
female_25_RQOZKUH_face_0.jpg,aligned
female_25_RRAEEEE_face_0.jpg,aligned
female_25_RRGYREA_face_0.jpg,aligned
female_25_RRKMBUO_face_0.jpg,aligned
female_25_RRNSALG_face_0.jpg,aligned
female_25_RROMOUA_face_0.jpg,aligned
female_25_RROUNUN_face_0.jpg,aligned
female_25_RRRMRZN_face_0.jpg,aligned
female_25_RRRRRLB_face_0.jpg,aligned
female_25_RRSEGYO_face_0.jpg,aligned
female_25_RSEYSMS_face_0.jpg,aligned
female_25_RSN8SEG_face_0.jpg,aligned
female_25_RUSQNZO_face_0.jpg,aligned
female_25_RYGEN8K_face_0.jpg,aligned
female_25_RYRMGSA_face_1.jpg,aligned
female_26_A8H8RUG_face_0.jpg,aligned
female_26_AENYSMR_face_0.jpg,aligned
female_26_AERUBEA_face_0.jpg,aligned
female_26_AESLNZR_face_0.jpg,aligned
female_26_ALHYGEO_face_0.jpg,aligned
female_26_AQALRMA_face_1.jpg,aligned
female_26_AQO8HQK_face_0.jpg,aligned
female_26_AQOYE8H_face_0.jpg,aligned
female_26_ARALERB_face_0.jpg,aligned
female_26_ARSYHQO_face_0.jpg,aligned
female_26_AUE8S8A_face_0.jpg,aligned
female_26_AUGQKLO_face_0.jpg,aligned
female_26_AUORGSB_face_0.jpg,aligned
female_26_AUOUNZN_face_0.jpg,aligned
female_26_AZRMBUB_face_0.jpg,aligned
female_26_BRNSRR_face_0.jpg,aligned
female_26_BSSUEZA_face_1.jpg,aligned
female_26_BUSMRSN_face_0.jpg,aligned
female_26_BUSMRSN_face_1.jpg,aligned
female_26_GQBZHQB_face_0.jpg,aligned
female_26_GQGLRES_face_0.jpg,aligned
female_26_GSEMSQE_face_0.jpg,aligned
female_26_GZSRBEG_face_0.jpg,aligned
female_26_K8KEKLH_face_0.jpg,aligned
female_26_OUKLS8A_face_0.jpg,aligned
female_26_RLHMOEB_face_0.jpg,aligned
female_26_RLNUASS_face_0.jpg,aligned
female_26_RMELOZE_face_0.jpg,aligned
female_26_RQELHZR_face_0.jpg,aligned
female_26_RQGURRE_face_0.jpg,aligned
female_26_RQSMNMA_face_0.jpg,aligned
female_26_RQSYA8H_face_0.jpg,aligned
female_26_RRBMHMO_face_1.jpg,aligned
female_26_RRGMBEA_face_0.jpg,aligned
female_26_RRHLBQB_face_0.jpg,aligned
female_24_RRNYREO_face_0.jpg,aligned
female_24_RSAYHES_face_0.jpg,aligned
female_25_AMERHZK_face_2.jpg,aligned
female_25_GESMGEH_face_0.jpg,aligned
female_25_OSNEGQG_face_0.jpg,aligned
female_25_RMBRGLS_face_0.jpg,aligned
female_25_RRK8HMG_face_0.jpg,aligned
female_25_RSR8AUN_face_1.jpg,aligned
female_26_AEEUOQE_face_0.jpg,aligned
female_26_ASORRLA_face_0.jpg,aligned
female_26_EROZOSA_face_0.jpg,aligned
female_26_OUARNRE_face_1.jpg,aligned
female_26_RQB8EUK_face_0.jpg,aligned
female_26_RRNRAMA_face_0.jpg,aligned
female_26_RRNSBYN_face_0.jpg,aligned
female_26_RRNSRQG_face_0.jpg,aligned
female_26_RROLRYR_face_0.jpg,aligned
female_26_RROYEQO_face_0.jpg,aligned
female_26_RROZSUO_face_0.jpg,aligned
female_26_RSBEKUK_face_0.jpg,aligned
female_26_RSEQBEG_face_0.jpg,aligned
female_26_RSNZSUA_face_0.jpg,aligned
female_26_RSRQA8B_face_0.jpg,aligned
female_26_RUALAZA_face_1.jpg,aligned
female_26_RUOYEZG_face_1.jpg,aligned
female_26_RYA8RUN_face_1.jpg,aligned
female_27_A8ELKLK_face_0.jpg,aligned
female_27_A8SEHSH_face_0.jpg,aligned
female_27_AQASARB_face_0.jpg,aligned
female_27_ARHRNYK_face_1.jpg,aligned
female_27_AYKLSLE_face_0.jpg,aligned
female_27_AZG8KQH_face_0.jpg,aligned
female_27_BEBYRMS_face_1.jpg,aligned
female_27_BQSUGSE_face_0.jpg,aligned
female_27_E8EEREH_face_1.jpg,aligned
female_27_EUGZSMN_face_0.jpg,aligned
female_27_KMKRESO_face_1.jpg,aligned
female_27_NLNQNRK_face_1.jpg,aligned
female_27_ORKLBQN_face_0.jpg,aligned
female_27_OZRSGQA_face_0.jpg,aligned
female_27_RLKMS8G_face_2.jpg,aligned
female_27_RLSESZG_face_0.jpg,aligned
female_27_RRNMSYR_face_1.jpg,aligned
female_27_RRNREMN_face_0.jpg,aligned
female_27_RRORAQO_face_0.jpg,aligned
female_27_RROSGYE_face_0.jpg,aligned
female_27_RRR8SMG_face_0.jpg,aligned
female_27_RRRRORS_face_0.jpg,aligned
female_27_RRSLBZR_face_0.jpg,aligned
female_27_RSSSORK_face_1.jpg,aligned
female_27_RSSZKLK_face_0.jpg,aligned
female_27_RUHQHLR_face_0.jpg,aligned
female_27_RUHQNSN_face_0.jpg,aligned
female_27_RUHUNEB_face_0.jpg,aligned
female_27_RYNMG8K_face_0.jpg,aligned
female_27_RYOLAQA_face_0.jpg,aligned
female_28_ALEROQG_face_0.jpg,aligned
female_28_AYNMEQE_face_0.jpg,aligned
female_28_BLSYGRK_face_0.jpg,aligned
female_28_BZA8OMH_face_0.jpg,aligned
female_28_EZERRMK_face_0.jpg,aligned
female_28_EZSRALN_face_0.jpg,aligned
female_28_GLNLHQE_face_0.jpg,aligned
female_28_GYN8SUG_face_0.jpg,aligned
female_28_KSAZEQH_face_0.jpg,aligned
female_28_NRHLBMR_face_0.jpg,aligned
female_28_OZA8GSO_face_0.jpg,aligned
female_28_RLBUBSG_face_0.jpg,aligned
female_28_RLNZOLS_face_0.jpg,aligned
female_28_RLOLAYB_face_0.jpg,aligned
female_28_RLOLSUR_face_0.jpg,aligned
female_28_RLOQSEE_face_0.jpg,aligned
female_28_RLR8AMS_face_1.jpg,aligned
female_28_RLR8SSB_face_1.jpg,aligned
female_28_RLSRHYA_face_0.jpg,aligned
female_28_RLSZOSG_face_0.jpg,aligned
female_28_RMNLNUK_face_2.jpg,aligned
female_28_RMSQNLK_face_0.jpg,aligned
female_28_RQAEGSA_face_0.jpg,aligned
female_28_RQORNMN_face_0.jpg,aligned
female_28_RRA8SZR_face_0.jpg,aligned
female_28_RRGRNLK_face_0.jpg,aligned
female_28_RRHZHMH_face_0.jpg,aligned
female_28_RRKQEME_face_0.jpg,aligned
female_28_RRNZSYR_face_1.jpg,aligned
female_28_RRO8AYK_face_1.jpg,aligned
female_28_RROZE8O_face_1.jpg,aligned
female_28_RSORKU_face_0.jpg,aligned
female_28_RUNQOEG_face_1.jpg,aligned
female_29_A8SMHRK_face_0.jpg,aligned
female_29_ALKENE_face_0.jpg,aligned
female_29_AUBEHUH_face_0.jpg,aligned
female_29_AUN8BYG_face_0.jpg,aligned
female_29_BRSSEYB_face_0.jpg,aligned
female_29_E8AEREB_face_0.jpg,aligned
female_29_E8AERUA_face_0.jpg,aligned
female_29_NLHYS8O_face_0.jpg,aligned
female_29_OYRSGRH_face_0.jpg,aligned
female_29_RLG8SUG_face_1.jpg,aligned
female_29_RLSUBLA_face_3.jpg,aligned
female_29_RLSZEYO_face_0.jpg,aligned
female_29_RQO8OYS_face_0.jpg,aligned
female_29_RRAQSMN_face_0.jpg,aligned
female_29_RREZKLK_face_0.jpg,aligned
female_29_RRGQBZR_face_0.jpg,aligned
female_29_RRHLO8A_face_0.jpg,aligned
female_29_RRHQAQH_face_0.jpg,aligned
female_29_RROEEEB_face_0.jpg,aligned
female_29_RSK8O8A_face_0.jpg,aligned
female_29_RSSENRE_face_0.jpg,aligned
female_29_RUA8GYS_face_0.jpg,aligned
female_29_RUALBYH_face_0.jpg,aligned
female_29_RYEZGLS_face_0.jpg,aligned
female_29_RYHLHSG_face_0.jpg,aligned
female_29_RYS8SUH_face_0.jpg,aligned
female_30_A8RMKQS_face_0.jpg,aligned
female_30_ARNYEMA_face_0.jpg,aligned
female_30_ARSROUH_face_0.jpg,aligned
female_30_BQNRA8G_face_0.jpg,aligned
female_30_BUG8EMR_face_0.jpg,aligned
female_30_EEAZBMA_face_0.jpg,aligned
female_30_EQRENUR_face_0.jpg,aligned
female_30_EYAQKRE_face_0.jpg,aligned
female_30_GLNQGEA_face_0.jpg,aligned
female_30_KRKUGLS_face_1.jpg,aligned
female_30_OSBEBUH_face_0.jpg,aligned
female_26_RRSRHRN_face_0.jpg,aligned
female_26_RYRMB8H_face_0.jpg,aligned
female_27_BMALOQK_face_0.jpg,aligned
female_27_RMO8KMK_face_0.jpg,aligned
female_27_RUBYN8R_face_0.jpg,aligned
female_28_AZBQASN_face_0.jpg,aligned
female_28_OENENYA_face_0.jpg,aligned
female_28_RMRYNUE_face_0.jpg,aligned
female_28_RRRYOYK_face_0.jpg,aligned
female_29_BQHEKMH_face_0.jpg,aligned
female_29_RQKMRSB_face_0.jpg,aligned
female_29_RSGRHRK_face_1.jpg,aligned
female_30_AEO8NZA_face_1.jpg,aligned
female_30_RLELHQN_face_0.jpg,aligned
female_30_RLSSOYR_face_0.jpg,aligned
female_30_RMALKEN_face_0.jpg,aligned
female_30_RMKRG8H_face_0.jpg,aligned
female_30_RRGMHRK_face_0.jpg,aligned
female_30_RRHREQN_face_0.jpg,aligned
female_30_RRREEEN_face_0.jpg,aligned
female_30_RRRLBME_face_1.jpg,aligned
female_30_RRRLRSB_face_0.jpg,aligned
female_30_RRRYHZA_face_0.jpg,aligned
female_30_RURSKZB_face_0.jpg,aligned
female_31_A8GUK8H_face_0.jpg,aligned
female_31_AESYEZE_face_0.jpg,aligned
female_31_ELSMHLA_face_0.jpg,aligned
female_31_EYNUB8E_face_2.jpg,aligned
female_31_EZEZAYK_face_0.jpg,aligned
female_31_GLR8RLA_face_1.jpg,aligned
female_31_GYRMOUH_face_0.jpg,aligned
female_31_N8BESMG_face_1.jpg,aligned
female_31_OEASAUB_face_1.jpg,aligned
female_31_OSE8RYK_face_0.jpg,aligned
female_31_RLBEKUB_face_0.jpg,aligned
female_31_RLOYGSA_face_0.jpg,aligned
female_31_RLSMBEO_face_1.jpg,aligned
female_31_RMHZBYE_face_0.jpg,aligned
female_31_RQOEEZE_face_0.jpg,aligned
female_31_RRA8OQB_face_1.jpg,aligned
female_31_RRHQEYN_face_0.jpg,aligned
female_31_RRHUSYS_face_0.jpg,aligned
female_31_RRKRB8N_face_0.jpg,aligned
female_31_RRNERYE_face_0.jpg,aligned
female_31_RRNYOMO_face_0.jpg,aligned
female_31_RROREYH_face_1.jpg,aligned
female_31_RROUR8O_face_0.jpg,aligned
female_31_RSSQKRR_face_0.jpg,aligned
female_31_RUH8EYB_face_0.jpg,aligned
female_31_RYEZOZS_face_0.jpg,aligned
female_31_RYOYRMK_face_0.jpg,aligned
female_32_A8NLH8S_face_0.jpg,aligned
female_32_AMKYOMB_face_0.jpg,aligned
female_32_AQH8GSO_face_0.jpg,aligned
female_32_ASR8GRS_face_0.jpg,aligned
female_32_AYO8OEN_face_0.jpg,aligned
female_32_AYOEKEN_face_0.jpg,aligned
female_32_E8HLB8O_face_0.jpg,aligned
female_32_GRRSGSH_face_0.jpg,aligned
female_32_KRS8BZH_face_0.jpg,aligned
female_32_OZAMNSR_face_1.jpg,aligned
female_32_RLBLS8N_face_0.jpg,aligned
female_32_RLH8ARB_face_0.jpg,aligned
female_32_RQOSKYN_face_0.jpg,aligned
female_32_RREEASR_face_1.jpg,aligned
female_32_RRGENLE_face_0.jpg,aligned
female_32_RRGQR8K_face_0.jpg,aligned
female_32_RRHSRQS_face_0.jpg,aligned
female_32_RYERSRA_face_0.jpg,aligned
female_33_ASRQGM_face_0.jpg,aligned
female_33_AZSEKMK_face_0.jpg,aligned
female_33_BRBMGEH_face_1.jpg,aligned
female_33_EZNRHMR_face_0.jpg,aligned
female_33_GSKQBRN_face_0.jpg,aligned
female_33_NZOSE8S_face_0.jpg,aligned
female_33_OQKYRQG_face_0.jpg,aligned
female_33_RLBZEUA_face_0.jpg,aligned
female_33_RLBZNYO_face_0.jpg,aligned
female_33_RLESBMH_face_0.jpg,aligned
female_33_RLGSSZO_face_0.jpg,aligned
female_33_RLOSSZR_face_1.jpg,aligned
female_33_RLRRHMS_face_0.jpg,aligned
female_33_RQAQBLN_face_0.jpg,aligned
female_33_RQGYSSK_face_0.jpg,aligned
female_33_RQGZGUA_face_0.jpg,aligned
female_33_RRBSSSG_face_0.jpg,aligned
female_33_RRKEERR_face_0.jpg,aligned
female_33_RROQSQE_face_0.jpg,aligned
female_33_RSBQNEA_face_0.jpg,aligned
female_33_RSOYNLR_face_2.jpg,aligned
female_34_A8SZEUE_face_0.jpg,aligned
female_34_AEHLSLO_face_0.jpg,aligned
female_34_AYASASS_face_1.jpg,aligned
female_34_AZEZS8A_face_1.jpg,aligned
female_34_EYSENRA_face_2.jpg,aligned
female_34_NMBMGRE_face_1.jpg,aligned
female_34_OLSRBQH_face_0.jpg,aligned
female_34_RLKZA8A_face_0.jpg,aligned
female_34_RQBSARG_face_0.jpg,aligned
female_34_RRGQKLN_face_3.jpg,aligned
female_34_RROLNLA_face_0.jpg,aligned
female_34_RROMGUS_face_0.jpg,aligned
female_34_RROZKEG_face_0.jpg,aligned
female_34_RSAENQR_face_0.jpg,aligned
female_34_RSKSAMR_face_0.jpg,aligned
female_34_RSORRZA_face_0.jpg,aligned
female_34_RYOLRQE_face_0.jpg,aligned
female_35_AEBUNQE_face_0.jpg,aligned
female_35_AMA8GRG_face_0.jpg,aligned
female_35_GMAQOQA_face_0.jpg,aligned
female_35_KMHSORK_face_1.jpg,aligned
female_35_KUKSRRO_face_0.jpg,aligned
female_35_RQAZKMG_face_0.jpg,aligned
female_35_RRGURZG_face_1.jpg,aligned
female_35_RRNLOQG_face_0.jpg,aligned
female_35_RSEZHQH_face_0.jpg,aligned
female_35_RSOSG8K_face_0.jpg,aligned
female_36_A8BLAMN_face_0.jpg,aligned
female_36_A8BURQK_face_1.jpg,aligned
female_36_AZNRSSK_face_0.jpg,aligned
female_36_OQO8KYO_face_0.jpg,aligned
female_36_RLS8RMA_face_1.jpg,aligned
female_36_RQASEQA_face_0.jpg,aligned
female_30_RROSASN_face_0.jpg,aligned
female_31_AZGUKQN_face_1.jpg,aligned
female_31_RLGMEQH_face_0.jpg,aligned
female_31_RRNZHQN_face_0.jpg,aligned
female_32_AYBSBYN_face_0.jpg,aligned
female_32_RMAUNLH_face_0.jpg,aligned
female_33_AZGRHEE_face_0.jpg,aligned
female_33_RLNRHQR_face_0.jpg,aligned
female_33_RSOROSH_face_0.jpg,aligned
female_34_RQHQGZK_face_0.jpg,aligned
female_35_ESGMBYN_face_0.jpg,aligned
female_35_RRK8SZH_face_1.jpg,aligned
female_36_O8KSNEH_face_0.jpg,aligned
female_36_RROQKYE_face_0.jpg,aligned
female_37_E8NZNSE_face_0.jpg,aligned
female_37_RSBRKSH_face_0.jpg,aligned
female_38_RLSUALA_face_0.jpg,aligned
female_39_GZKZKRO_face_1.jpg,aligned
female_40_AZORGLA_face_0.jpg,aligned
female_36_RRSLRYS_face_0.jpg,aligned
female_36_RSAMSUA_face_0.jpg,aligned
female_36_RSESGLS_face_0.jpg,aligned
female_36_RUOMH8O_face_0.jpg,aligned
female_36_RYN8OSE_face_0.jpg,aligned
female_37_AEEQEMK_face_0.jpg,aligned
female_37_AEGSSUB_face_0.jpg,aligned
female_37_ASS8RYK_face_0.jpg,aligned
female_37_AURQHLE_face_0.jpg,aligned
female_37_OESUOZR_face_0.jpg,aligned
female_37_RRAUBZK_face_0.jpg,aligned
female_37_RUAREYS_face_0.jpg,aligned
female_37_RUSMBRE_face_0.jpg,aligned
female_37_RYOLGER_face_2.jpg,aligned
female_38_AMOQAUH_face_0.jpg,aligned
female_38_ERNMHQH_face_0.jpg,aligned
female_38_RLHER8E_face_1.jpg,aligned
female_38_RLKZNMS_face_0.jpg,aligned
female_38_RLO8OQS_face_0.jpg,aligned
female_38_RLSQOMA_face_0.jpg,aligned
female_38_RQNSAEK_face_0.jpg,aligned
female_38_RRBQHZS_face_0.jpg,aligned
female_38_RRBRBUS_face_0.jpg,aligned
female_38_RRNUKUN_face_0.jpg,aligned
female_39_ALAYBUO_face_0.jpg,aligned
female_39_AMBEKZK_face_1.jpg,aligned
female_39_RQNESYB_face_1.jpg,aligned
female_39_RRNZSYK_face_0.jpg,aligned
female_39_RROZSUA_face_0.jpg,aligned
female_39_RSOLBYG_face_0.jpg,aligned
female_40_BQKLBEE_face_0.jpg,aligned
female_40_BRAUEYG_face_0.jpg,aligned
female_40_EEORBLG_face_0.jpg,aligned
female_40_EZK8S8N_face_0.jpg,aligned
female_40_OZBYEMK_face_0.jpg,aligned
female_40_RLAURQO_face_0.jpg,aligned
female_40_RLKZHEG_face_0.jpg,aligned
female_40_RQBUHES_face_1.jpg,aligned
female_40_RQNESEH_face_0.jpg,aligned
female_40_RQOEEYE_face_0.jpg,aligned
female_40_RRKUGYN_face_0.jpg,aligned
female_40_RRNZNLE_face_0.jpg,aligned
female_40_RSBQAUG_face_0.jpg,aligned
female_40_RSRZGMA_face_1.jpg,aligned
female_40_RYHZKZN_face_0.jpg,aligned
female_18_A8GSBRO_face_0.jpg,lean
female_18_A8HMBSR_face_1.jpg,lean
female_18_A8HMNQO_face_0.jpg,lean
female_18_A8HRO8A_face_0.jpg,lean
female_18_A8OLOEN_face_1.jpg,lean
female_18_AEELAQG_face_0.jpg,lean
female_18_AEG8ARN_face_1.jpg,lean
female_18_AEGEASR_face_0.jpg,lean
female_18_AEGLKUS_face_0.jpg,lean
female_18_AEHEKZB_face_1.jpg,lean
female_18_AEHEKZB_face_3.jpg,lean
female_18_AEHQKYG_face_0.jpg,lean
female_18_AEKROSO_face_0.jpg,lean
female_18_AENRKSA_face_0.jpg,lean
female_18_AESURMA_face_0.jpg,lean
female_18_ALHZRSB_face_0.jpg,lean
female_18_ALRUO8G_face_1.jpg,lean
female_18_AMGSER_face_0.jpg,lean
female_18_AMOZGLB_face_0.jpg,lean
female_18_AQAMH8E_face_0.jpg,lean
female_18_AQHUAME_face_0.jpg,lean
female_18_AQKUKEG_face_0.jpg,lean
female_18_AQKURZ_face_0.jpg,lean
female_18_AQSQNMG_face_0.jpg,lean
female_18_ARKENUK_face_0.jpg,lean
female_18_ARNRESA_face_0.jpg,lean
female_18_ARNSNYA_face_0.jpg,lean
female_18_ARORGMK_face_1.jpg,lean
female_18_ASBRKUK_face_0.jpg,lean
female_18_ASKRNLB_face_1.jpg,lean
female_18_ASNQGEG_face_1.jpg,lean
female_18_ASREOMN_face_0.jpg,lean
female_18_AUAQBYA_face_0.jpg,lean
female_18_AUBUBZS_face_0.jpg,lean
female_18_AUKEORE_face_0.jpg,lean
female_18_AUKSAUE_face_0.jpg,lean
female_18_AUNLEQO_face_0.jpg,lean
female_18_AUNMA8R_face_0.jpg,lean
female_18_AURERRA_face_0.jpg,lean
female_18_AYK8AUG_face_0.jpg,lean
female_18_AYOMHMK_face_1.jpg,lean
female_18_AZASRQG_face_0.jpg,lean
female_18_AZBSOMS_face_0.jpg,lean
female_18_AZHLHEN_face_1.jpg,lean
female_18_AZK8EMA_face_0.jpg,lean
female_18_AZNUEMA_face_0.jpg,lean
female_18_AZREBUK_face_0.jpg,lean
female_18_B8HEK8E_face_0.jpg,lean
female_18_BEB8ESE_face_0.jpg,lean
female_18_BEB8OSS_face_0.jpg,lean
female_18_BESESQA_face_1.jpg,lean
female_18_BMAYGSK_face_0.jpg,lean
female_18_BMGSKYB_face_2.jpg,lean
female_18_BMOEAYE_face_1.jpg,lean
female_18_AESQB8A_face_0.jpg,lean
female_18_ARRMOEG_face_0.jpg,lean
female_18_AZALSQN_face_1.jpg,lean
female_18_BRKMBYO_face_0.jpg,lean
female_18_EQEYA8_face_0.jpg,lean
female_18_GQK8OQH_face_0.jpg,lean
female_18_NZOZNSH_face_0.jpg,lean
female_18_OYSSREG_face_2.jpg,lean
female_18_RLGRNYN_face_0.jpg,lean
female_18_RLRRHMN_face_0.jpg,lean
female_18_RMOLRQH_face_0.jpg,lean
female_18_RQO8H8R_face_0.jpg,lean
female_18_RRBQAQG_face_0.jpg,lean
female_18_BSKSR8K_face_0.jpg,lean
female_18_BUR8KSB_face_0.jpg,lean
female_18_BYEYBUG_face_0.jpg,lean
female_18_BYSYGYK_face_0.jpg,lean
female_18_BZRLKYA_face_0.jpg,lean
female_18_E8GEBYG_face_0.jpg,lean
female_18_E8GLGSO_face_0.jpg,lean
female_18_ELOZSMO_face_0.jpg,lean
female_18_EMKMGRS_face_0.jpg,lean
female_18_EMN8RZN_face_0.jpg,lean
female_18_EMOEKYN_face_2.jpg,lean
female_18_EMS8GQH_face_0.jpg,lean
female_18_EQAMEZO_face_0.jpg,lean
female_18_ERAQH8H_face_0.jpg,lean
female_18_ERAZKSA_face_0.jpg,lean
female_18_EREMKEB_face_1.jpg,lean
female_18_ERNRHYO_face_0.jpg,lean
female_18_EROUHRK_face_0.jpg,lean
female_18_EUAYSZS_face_0.jpg,lean
female_18_EUBZBRK_face_0.jpg,lean
female_18_EUKRGQE_face_0.jpg,lean
female_18_EZE8SER_face_1.jpg,lean
female_18_EZHRBRR_face_0.jpg,lean
female_18_EZRLHMK_face_3.jpg,lean
female_18_G8NZBRK_face_0.jpg,lean
female_18_GLOQHER_face_0.jpg,lean
female_18_GRSUALR_face_0.jpg,lean
female_18_GSNEO8G_face_0.jpg,lean
female_18_GSSYEEH_face_0.jpg,lean
female_18_GUAUHQR_face_0.jpg,lean
female_18_GYELARS_face_0.jpg,lean
female_18_GYO8KER_face_0.jpg,lean
female_18_GYRYEER_face_0.jpg,lean
female_18_GYSUBYH_face_0.jpg,lean
female_18_GZEQSSB_face_0.jpg,lean
female_18_KERMSRE_face_0.jpg,lean
female_18_KSAUKEB_face_0.jpg,lean
female_18_N8KUK8O_face_0.jpg,lean
female_18_N8NLKQB_face_0.jpg,lean
female_18_O8GYRUB_face_0.jpg,lean
female_18_O8O8SQN_face_0.jpg,lean
female_18_OEHZOUS_face_0.jpg,lean
female_18_OEK8BRR_face_0.jpg,lean
female_18_OENQHLR_face_0.jpg,lean
female_18_OQE8AEN_face_0.jpg,lean
female_18_OQOEKRE_face_0.jpg,lean
female_18_ORNSBYB_face_0.jpg,lean
female_18_OSBZAUS_face_0.jpg,lean
female_18_OSBZNLR_face_0.jpg,lean
female_18_OSKQHZS_face_1.jpg,lean
female_18_OUEQRZH_face_0.jpg,lean
female_18_OYR8A8H_face_0.jpg,lean
female_18_OZBUKRE_face_0.jpg,lean
female_18_OZGLBZB_face_0.jpg,lean
female_18_OZKQG8R_face_0.jpg,lean
female_18_RLASGMO_face_0.jpg,lean
female_18_RLASGMO_face_1.jpg,lean
female_18_RLAUESS_face_0.jpg,lean
female_18_RLBLNSR_face_1.jpg,lean
female_18_RLBMORG_face_0.jpg,lean
female_18_RLBQKLO_face_0.jpg,lean
female_18_RLELOMH_face_0.jpg,lean
female_18_RLEMGEA_face_0.jpg,lean
female_18_RLESS8H_face_0.jpg,lean
female_18_RLGRGUH_face_0.jpg,lean
female_18_RLGRRQE_face_0.jpg,lean
female_18_RLGSOLG_face_1.jpg,lean
female_18_RLGUOEA_face_1.jpg,lean
female_18_RLGYBEO_face_0.jpg,lean
female_18_RLH8AMN_face_0.jpg,lean
female_18_RLHEG8R_face_0.jpg,lean
female_18_RLHQNER_face_0.jpg,lean
female_18_RLHUOYN_face_0.jpg,lean
female_18_RLKYGYR_face_0.jpg,lean
female_18_RLNRKMR_face_0.jpg,lean
female_18_RLNYEQR_face_1.jpg,lean
female_18_RLR8SQN_face_2.jpg,lean
female_18_RLRQNUS_face_0.jpg,lean
female_18_RLRRG8H_face_0.jpg,lean
female_18_RLS8GLB_face_0.jpg,lean
female_18_RLSEARE_face_0.jpg,lean
female_18_RLSMKLE_face_0.jpg,lean
female_18_RLSMNMS_face_1.jpg,lean
female_18_RLSMNRH_face_0.jpg,lean
female_18_RLSSEUN_face_0.jpg,lean
female_18_RLSSKEG_face_0.jpg,lean
female_18_RLSUKYA_face_0.jpg,lean
female_18_RMAYARO_face_1.jpg,lean
female_18_RMGMBQS_face_0.jpg,lean
female_18_RMGRRQS_face_1.jpg,lean
female_18_RMKSORA_face_0.jpg,lean
female_18_RMKZOEB_face_0.jpg,lean
female_18_RMO8H8B_face_0.jpg,lean
female_18_RMOZBLO_face_1.jpg,lean
female_18_RMRENER_face_0.jpg,lean
female_18_RQASGQH_face_0.jpg,lean
female_18_RQASSUK_face_0.jpg,lean
female_18_RQBQAMR_face_0.jpg,lean
female_18_RQESALK_face_1.jpg,lean
female_18_RQEUOYS_face_0.jpg,lean
female_18_RQEUR8O_face_0.jpg,lean
female_18_RQGLHZE_face_1.jpg,lean
female_18_RQGLRQE_face_1.jpg,lean
female_18_RQGSBEG_face_0.jpg,lean
female_18_RQGUAEH_face_0.jpg,lean
female_18_RQHMGYG_face_1.jpg,lean
female_18_RQR8AYK_face_2.jpg,lean
female_18_RQRQGQO_face_1.jpg,lean
female_18_RQSMSLB_face_0.jpg,lean
female_18_RQSRG8K_face_0.jpg,lean
female_18_RQSSNRG_face_0.jpg,lean
female_18_RQSSNRG_face_1.jpg,lean
female_18_RQSZKSR_face_0.jpg,lean
female_18_RRA8O8A_face_0.jpg,lean
female_18_RRAEBYN_face_1.jpg,lean
female_18_RRAEOLS_face_0.jpg,lean
female_18_RRALKMK_face_1.jpg,lean
female_18_RRALSUN_face_0.jpg,lean
female_18_RRARARA_face_0.jpg,lean
female_18_RRBMH8G_face_0.jpg,lean
female_18_RRBMOZR_face_0.jpg,lean
female_18_RRBUSQK_face_0.jpg,lean
female_18_RRE8B8K_face_0.jpg,lean
female_18_RRELGRA_face_0.jpg,lean
female_18_RRELGUR_face_2.jpg,lean
female_18_RREQK8G_face_0.jpg,lean
female_18_RREQOEG_face_0.jpg,lean
female_18_RRERBQN_face_0.jpg,lean
female_18_RREREMH_face_0.jpg,lean
female_18_RRG8ASG_face_0.jpg,lean
female_18_RRG8SRS_face_0.jpg,lean
female_18_RRGEKQE_face_0.jpg,lean
female_18_RRGMERA_face_0.jpg,lean
female_18_RRGMESA_face_0.jpg,lean
female_18_RRGMH8N_face_1.jpg,lean
female_18_RRGQESO_face_0.jpg,lean
female_18_RRGRBLR_face_1.jpg,lean
female_18_RRGRSRS_face_0.jpg,lean
female_18_RRGSNQN_face_0.jpg,lean
female_18_RRGSNZE_face_0.jpg,lean
female_18_RRGUKMK_face_0.jpg,lean
female_18_RRGYGYG_face_0.jpg,lean
female_18_RRHESZH_face_0.jpg,lean
female_18_RRHLAQO_face_0.jpg,lean
female_18_RRHLKYH_face_0.jpg,lean
female_18_RRHQN8S_face_0.jpg,lean
female_18_RRHRAUE_face_1.jpg,lean
female_18_RRHUKQN_face_0.jpg,lean
female_18_RRHUNUG_face_0.jpg,lean
female_18_RRK8GMB_face_0.jpg,lean
female_18_RRK8S8K_face_0.jpg,lean
female_18_RRKEGUA_face_0.jpg,lean
female_18_RRKEHYG_face_0.jpg,lean
female_18_RRKLKUH_face_0.jpg,lean
female_18_RRKLNER_face_0.jpg,lean
female_18_RRKLREO_face_0.jpg,lean
female_18_RRKMARE_face_0.jpg,lean
female_18_RRKMESN_face_0.jpg,lean
female_18_RRKMKYB_face_0.jpg,lean
female_18_RRKRGSE_face_0.jpg,lean
female_18_RRKROEO_face_1.jpg,lean
female_18_RRKSHQR_face_0.jpg,lean
female_18_RRKUHMA_face_0.jpg,lean
female_18_RRN8GLK_face_1.jpg,lean
female_18_RRN8HQR_face_0.jpg,lean
female_18_RRN8OQG_face_0.jpg,lean
female_18_RRNEBYH_face_0.jpg,lean
female_18_RRNEEQS_face_1.jpg,lean
female_18_RRNEGQB_face_0.jpg,lean
female_18_RRNEHSG_face_0.jpg,lean
female_18_RRNLELS_face_0.jpg,lean
female_18_RRNLOMO_face_0.jpg,lean
female_18_RRNQRZH_face_0.jpg,lean
female_18_RRNRASG_face_0.jpg,lean
female_18_RRNRB8O_face_0.jpg,lean
female_18_RRNRG8H_face_0.jpg,lean
female_18_RRNRK8S_face_1.jpg,lean
female_18_RRNUAEE_face_1.jpg,lean
female_18_RRNUERB_face_0.jpg,lean
female_18_RRNUHZR_face_0.jpg,lean
female_18_RRNYARO_face_0.jpg,lean
female_18_RRNYKUH_face_0.jpg,lean
female_18_RRNZKMK_face_0.jpg,lean
female_18_RROEAUE_face_0.jpg,lean
female_18_RROEHYB_face_1.jpg,lean
female_18_RROLHZH_face_0.jpg,lean
female_18_RROMSRO_face_0.jpg,lean
female_18_RROQESH_face_0.jpg,lean
female_18_RRORAZB_face_0.jpg,lean
female_18_RRORSMN_face_0.jpg,lean
female_18_RROSAMN_face_1.jpg,lean
female_18_RROSE8R_face_0.jpg,lean
female_18_RROSHES_face_0.jpg,lean
female_18_RROUBER_face_0.jpg,lean
female_18_RROUELS_face_0.jpg,lean
female_18_RROUESG_face_0.jpg,lean
female_18_RROUEUN_face_1.jpg,lean
female_18_RROUGRA_face_0.jpg,lean
female_18_RROUH8A_face_0.jpg,lean
female_18_RROUKYK_face_0.jpg,lean
female_18_RROUN8N_face_0.jpg,lean
female_18_RROZHLN_face_0.jpg,lean
female_18_RRREOUN_face_0.jpg,lean
female_18_RRRMAYS_face_0.jpg,lean
female_18_RRRRARA_face_0.jpg,lean
female_18_RRRRAYE_face_1.jpg,lean
female_18_RRRRBYE_face_0.jpg,lean
female_18_RRRSRYB_face_0.jpg,lean
female_18_RRRUAQH_face_0.jpg,lean
female_18_RRSERMA_face_0.jpg,lean
female_18_RRSLA8A_face_0.jpg,lean
female_18_RRSLN8G_face_1.jpg,lean
female_18_RRSLNLN_face_0.jpg,lean
female_18_RRSQKUB_face_1.jpg,lean
female_18_RRSSKQS_face_0.jpg,lean
female_18_RRSYHZS_face_1.jpg,lean
female_18_RSBYAZN_face_0.jpg,lean
female_18_RSBYHSH_face_0.jpg,lean
female_18_RSEUAMA_face_0.jpg,lean
female_18_RSEUREK_face_1.jpg,lean
female_18_RSEZHLO_face_0.jpg,lean
female_18_RSGMRRR_face_0.jpg,lean
female_18_RSGYS8R_face_1.jpg,lean
female_18_RSHMERE_face_0.jpg,lean
female_18_RSHUBZA_face_0.jpg,lean
female_18_RSNSSYA_face_1.jpg,lean
female_18_RSOYRMG_face_0.jpg,lean
female_18_RSSRHSN_face_0.jpg,lean
female_18_RUAZBSH_face_1.jpg,lean
female_18_RUEMNUO_face_1.jpg,lean
female_18_RUGLOLH_face_0.jpg,lean
female_18_RUHERLK_face_0.jpg,lean
female_18_RUHMRMH_face_0.jpg,lean
female_18_RUHSGZH_face_0.jpg,lean
female_18_RUK8HLS_face_0.jpg,lean
female_18_RUOQOEB_face_1.jpg,lean
female_18_RUOREMH_face_0.jpg,lean
female_18_RUORGRA_face_0.jpg,lean
female_18_RUORKUS_face_0.jpg,lean
female_18_RUSSKLA_face_0.jpg,lean
female_18_RUSSSUK_face_0.jpg,lean
female_18_RUSYEEB_face_0.jpg,lean
female_18_RUSYHZS_face_0.jpg,lean
female_18_RYA8GLO_face_1.jpg,lean
female_18_RYAZHZB_face_1.jpg,lean
female_18_RYBMESE_face_0.jpg,lean
female_18_RYESKUO_face_0.jpg,lean
female_18_RYNMHRG_face_0.jpg,lean
female_18_RYOMNUK_face_0.jpg,lean
female_18_RYRSBLH_face_1.jpg,lean
female_18_RYRSSQB_face_0.jpg,lean
female_18_RYSEERH_face_0.jpg,lean
female_18_RYSQASN_face_0.jpg,lean
female_18_RYSUH8G_face_0.jpg,lean
female_19_A8H8BZS_face_0.jpg,lean
female_19_A8OUR8_face_0.jpg,lean
female_19_AEGMGLR_face_0.jpg,lean
female_19_AEHMR8O_face_0.jpg,lean
female_19_ALGLAUO_face_1.jpg,lean
female_19_AMO8O8E_face_0.jpg,lean
female_19_AMSQAEE_face_1.jpg,lean
female_19_AQAESZB_face_1.jpg,lean
female_19_AQNSBRR_face_0.jpg,lean
female_19_ARALKZH_face_0.jpg,lean
female_19_ARHLSUG_face_1.jpg,lean
female_19_ASSZHSG_face_0.jpg,lean
female_19_AUG8SLS_face_0.jpg,lean
female_19_AYS8KYS_face_0.jpg,lean
female_19_AZA8OLK_face_1.jpg,lean
female_19_AZGZKLN_face_0.jpg,lean
female_19_AZKZBRR_face_1.jpg,lean
female_19_AZRLGUN_face_0.jpg,lean
female_19_AZS8KEK_face_1.jpg,lean
female_19_BEESEYR_face_0.jpg,lean
female_19_BEGSORK_face_2.jpg,lean
female_19_BQREEEE_face_0.jpg,lean
female_19_BRB8NZ_face_0.jpg,lean
female_19_BYOMAQK_face_0.jpg,lean
female_19_BZRLSMB_face_0.jpg,lean
female_19_BZSYRUS_face_0.jpg,lean
female_19_EEARRQG_face_0.jpg,lean
female_19_EEAYSQN_face_0.jpg,lean
female_19_EEBLR8H_face_0.jpg,lean
female_19_EEOUOZR_face_1.jpg,lean
female_19_ELSMAMH_face_1.jpg,lean
female_19_EQEMOEK_face_1.jpg,lean
female_19_ERBLSZB_face_2.jpg,lean
female_19_ESGZKEG_face_0.jpg,lean
female_19_EUAZKQS_face_0.jpg,lean
female_19_EYOYBSS_face_0.jpg,lean
female_19_EZOSAZO_face_0.jpg,lean
female_19_G8AYGSB_face_0.jpg,lean
female_19_GEEYOMB_face_1.jpg,lean
female_19_GMAQRES_face_0.jpg,lean
female_19_GQKYEMS_face_0.jpg,lean
female_19_GQRMSQB_face_0.jpg,lean
female_19_GSHUHSE_face_0.jpg,lean
female_19_GYEQOQK_face_1.jpg,lean
female_19_KUHRHES_face_0.jpg,lean
female_19_KZGLHR_face_0.jpg,lean
female_19_NQELOZA_face_0.jpg,lean
female_19_NSEUA8G_face_0.jpg,lean
female_19_NSOEEZA_face_0.jpg,lean
female_19_O8EYGQB_face_0.jpg,lean
female_19_OMBSBYG_face_1.jpg,lean
female_19_OQEUEZB_face_0.jpg,lean
female_19_ORBQRUK_face_0.jpg,lean
female_19_ORRZS8H_face_0.jpg,lean
female_19_OSHYSSS_face_0.jpg,lean
female_19_RLAQRQB_face_0.jpg,lean
female_19_RLASKLS_face_0.jpg,lean
female_19_RLE8GMA_face_0.jpg,lean
female_19_RLEQGZN_face_0.jpg,lean
female_19_RLEZAEH_face_0.jpg,lean
female_19_RLGEKQE_face_0.jpg,lean
female_19_RLGMARN_face_0.jpg,lean
female_19_RLH8SYN_face_0.jpg,lean
female_19_RLKMAQR_face_0.jpg,lean
female_19_RLKMK8R_face_0.jpg,lean
female_19_RLKMSQB_face_0.jpg,lean
female_19_RLKQRQR_face_0.jpg,lean
female_19_RLNUOUN_face_0.jpg,lean
female_19_RLR8EYK_face_0.jpg,lean
female_19_RLREELB_face_0.jpg,lean
female_19_RLRSSRR_face_0.jpg,lean
female_19_RLS8NZR_face_0.jpg,lean
female_18_RRHZGUA_face_0.jpg,lean
female_18_RRKYBLK_face_0.jpg,lean
female_18_RRNSBLA_face_0.jpg,lean
female_18_RRORSYA_face_0.jpg,lean
female_18_RRRLSMH_face_0.jpg,lean
female_18_RSBLNYE_face_1.jpg,lean
female_18_RUGZKRH_face_0.jpg,lean
female_18_RYAYKRR_face_0.jpg,lean
female_19_ALE8SMH_face_0.jpg,lean
female_19_AZNREUA_face_0.jpg,lean
female_19_EREUSYH_face_0.jpg,lean
female_19_NLREHQG_face_0.jpg,lean
female_19_RLEUKMH_face_0.jpg,lean
female_19_RMGLKQE_face_0.jpg,lean
female_19_RMNYHYG_face_0.jpg,lean
female_19_RMOSBRB_face_0.jpg,lean
female_19_RMRRNUB_face_1.jpg,lean
female_19_RMS8BMB_face_0.jpg,lean
female_19_RMSLHSR_face_0.jpg,lean
female_19_RQEQBQR_face_0.jpg,lean
female_19_RQKLOEA_face_0.jpg,lean
female_19_RQNMBZE_face_0.jpg,lean
female_19_RQNSKLG_face_0.jpg,lean
female_19_RQOUOZN_face_0.jpg,lean
female_19_RQSMAQE_face_0.jpg,lean
female_19_RQSQRQE_face_0.jpg,lean
female_19_RRAEAUK_face_0.jpg,lean
female_19_RRASELS_face_1.jpg,lean
female_19_RRBEAQS_face_1.jpg,lean
female_19_RRBEAQS_face_2.jpg,lean
female_19_RRERESK_face_1.jpg,lean
female_19_RRGMBEK_face_0.jpg,lean
female_19_RRGQRSO_face_0.jpg,lean
female_19_RRGYGSR_face_0.jpg,lean
female_19_RRGYNRB_face_1.jpg,lean
female_19_RRH8RYS_face_0.jpg,lean
female_19_RRHYO8A_face_0.jpg,lean
female_19_RRHYO8A_face_1.jpg,lean
female_19_RRK8RYE_face_0.jpg,lean
female_19_RRKEBSB_face_0.jpg,lean
female_19_RRKUB8H_face_0.jpg,lean
female_19_RRKYS8N_face_0.jpg,lean
female_19_RRNQEEH_face_0.jpg,lean
female_19_RRNZBUH_face_1.jpg,lean
female_19_RRNZESO_face_0.jpg,lean
female_19_RRO8B8H_face_0.jpg,lean
female_19_RRO8BUR_face_0.jpg,lean
female_19_RRO8OQE_face_0.jpg,lean
female_19_RROLAMB_face_0.jpg,lean
female_19_RROMNUB_face_0.jpg,lean
female_19_RROQK8R_face_0.jpg,lean
female_19_RROZNRA_face_0.jpg,lean
female_19_RRRLOYR_face_0.jpg,lean
female_19_RRRSRUK_face_0.jpg,lean
female_19_RRRUGEE_face_0.jpg,lean
female_19_RSAYBLO_face_0.jpg,lean
female_19_RSAYGSO_face_1.jpg,lean
female_19_RSBYHLK_face_0.jpg,lean
female_19_RSEQGLG_face_0.jpg,lean
female_19_RSERBQB_face_0.jpg,lean
female_19_RSEZALK_face_0.jpg,lean
female_19_RSORRYN_face_1.jpg,lean
female_19_RSOSGEE_face_0.jpg,lean
female_19_RSR8KQS_face_0.jpg,lean
female_19_RSRSH8S_face_1.jpg,lean
female_19_RSRYGZB_face_0.jpg,lean
female_19_RUA8BQH_face_0.jpg,lean
female_19_RUNEALN_face_1.jpg,lean
female_19_RUOSAUG_face_0.jpg,lean
female_19_RYGMELS_face_1.jpg,lean
female_19_RYHZKYB_face_2.jpg,lean
female_19_RYK8EZO_face_0.jpg,lean
female_19_RYKLNQH_face_0.jpg,lean
female_19_RYOROYR_face_0.jpg,lean
female_19_RYREAMB_face_0.jpg,lean
female_19_RYRYGSH_face_0.jpg,lean
female_20_AEBYREK_face_1.jpg,lean
female_20_AEEUBZR_face_0.jpg,lean
female_20_AER8KLS_face_0.jpg,lean
female_20_ALGLAUO_face_0.jpg,lean
female_20_ALOQHSO_face_0.jpg,lean
female_20_ALRZAYN_face_0.jpg,lean
female_20_AQSRGYN_face_0.jpg,lean
female_20_ARNQEQS_face_0.jpg,lean
female_20_ARNSOLH_face_0.jpg,lean
female_20_ARSRSQB_face_0.jpg,lean
female_20_ASAMHZR_face_1.jpg,lean
female_20_ASAMHZR_face_2.jpg,lean
female_20_ASOEKQS_face_0.jpg,lean
female_20_AUB8NZS_face_0.jpg,lean
female_20_AUNSKYK_face_1.jpg,lean
female_20_AUOEOQB_face_1.jpg,lean
female_20_AUOYKYE_face_1.jpg,lean
female_20_AUSQSRA_face_0.jpg,lean
female_20_AZHEBQR_face_0.jpg,lean
female_20_AZRZSLS_face_0.jpg,lean
female_20_AZSSKLB_face_1.jpg,lean
female_20_BEERSYS_face_0.jpg,lean
female_20_BEHUA8A_face_0.jpg,lean
female_20_BLO8EQA_face_0.jpg,lean
female_20_BQRYR8K_face_0.jpg,lean
female_20_BRRYRMB_face_0.jpg,lean
female_20_BRRYRMB_face_1.jpg,lean
female_20_BUOMSZK_face_0.jpg,lean
female_20_BYBYSZE_face_1.jpg,lean
female_20_BYGRSYB_face_0.jpg,lean
female_20_BYSRNYK_face_0.jpg,lean
female_20_BZA8HUS_face_0.jpg,lean
female_20_E8K8OZE_face_0.jpg,lean
female_20_EERYHEA_face_0.jpg,lean
female_20_EMBEOYA_face_0.jpg,lean
female_20_EUASBMO_face_0.jpg,lean
female_20_EZO8NLS_face_0.jpg,lean
female_20_GQGYKEH_face_0.jpg,lean
female_20_GRO8EQE_face_1.jpg,lean
female_20_GSNQBEA_face_0.jpg,lean
female_20_GSNQBEA_face_1.jpg,lean
female_20_GZRUOZB_face_0.jpg,lean
female_20_KRAQGMR_face_0.jpg,lean
female_20_N8EZALS_face_0.jpg,lean
female_20_N8GMOZK_face_0.jpg,lean
female_20_NQBRE8G_face_0.jpg,lean
female_20_NSNZERS_face_0.jpg,lean
female_20_NUGZOQO_face_0.jpg,lean
female_20_O8O8BRG_face_0.jpg,lean
female_20_OQB8KMO_face_0.jpg,lean
female_20_OQEYHZS_face_0.jpg,lean
female_20_OQHYAZH_face_0.jpg,lean
female_20_ORAYOUB_face_2.jpg,lean
female_20_OZGUHSA_face_1.jpg,lean
female_20_OZOUSME_face_0.jpg,lean
female_20_RLAEGZH_face_0.jpg,lean
female_20_RLASAEK_face_0.jpg,lean
female_20_RLBEBRG_face_0.jpg,lean
female_20_RLBMKME_face_0.jpg,lean
female_20_RLEMKRS_face_0.jpg,lean
female_20_RLGSGZN_face_0.jpg,lean
female_20_RLNYKZB_face_0.jpg,lean
female_20_RLREOLO_face_1.jpg,lean
female_20_RLRYGLR_face_0.jpg,lean
female_20_RLSUOZR_face_0.jpg,lean
female_20_RMHEGQN_face_1.jpg,lean
female_20_RMRMHRH_face_0.jpg,lean
female_20_RMSMAQH_face_0.jpg,lean
female_20_RQBMESA_face_0.jpg,lean
female_20_RQHMEYH_face_1.jpg,lean
female_20_RQHUNUK_face_0.jpg,lean
female_20_RQHYKSB_face_0.jpg,lean
female_20_RQNQOZK_face_0.jpg,lean
female_20_RQOLBMO_face_0.jpg,lean
female_20_RRBLERS_face_0.jpg,lean
female_20_RRE8RUS_face_0.jpg,lean
female_20_RRGUGQN_face_0.jpg,lean
female_20_RRGYRLS_face_1.jpg,lean
female_20_RRHLRZK_face_1.jpg,lean
female_20_RRHYNEH_face_1.jpg,lean
female_20_RRKYOEH_face_1.jpg,lean
female_20_RRN8HRO_face_0.jpg,lean
female_20_RRNQGEN_face_2.jpg,lean
female_20_RRNZGQK_face_0.jpg,lean
female_20_RRNZGQK_face_1.jpg,lean
female_20_RROEKSB_face_0.jpg,lean
female_20_RROQKSO_face_2.jpg,lean
female_20_RRRUHLO_face_0.jpg,lean
female_20_RRRUNME_face_0.jpg,lean
female_20_RSEMESE_face_0.jpg,lean
female_20_RSGZGSG_face_0.jpg,lean
female_20_RSNUNRB_face_0.jpg,lean
female_20_RSOERLE_face_0.jpg,lean
female_20_RSRQGZB_face_0.jpg,lean
female_20_RSRQRRR_face_0.jpg,lean
female_20_RSRUNZN_face_0.jpg,lean
female_20_RSRZAMB_face_0.jpg,lean
female_20_RUB8GQA_face_0.jpg,lean
female_20_RUKRASS_face_0.jpg,lean
female_20_RUKRR8S_face_1.jpg,lean
female_20_RUOSRMS_face_0.jpg,lean
female_20_RYESNQH_face_0.jpg,lean
female_20_RYEUOLE_face_0.jpg,lean
female_20_RYRSEMB_face_0.jpg,lean
female_21_A8BQB8G_face_0.jpg,lean
female_21_A8GMBLH_face_0.jpg,lean
female_21_AEEMNEE_face_1.jpg,lean
female_21_AEEMNEE_face_2.jpg,lean
female_21_AEGSG8S_face_0.jpg,lean
female_21_AERQSRE_face_0.jpg,lean
female_21_AESQNYO_face_0.jpg,lean
female_21_ALEZEZA_face_0.jpg,lean
female_21_AMB8NZO_face_0.jpg,lean
female_21_AQAQRUA_face_0.jpg,lean
female_21_AQBZBMO_face_0.jpg,lean
female_21_AQELOUE_face_0.jpg,lean
female_21_AQEYGRN_face_0.jpg,lean
female_21_ARSUBMB_face_0.jpg,lean
female_21_ASNEOEG_face_0.jpg,lean
female_21_AUGLGYB_face_0.jpg,lean
female_21_AYGZHRO_face_0.jpg,lean
female_21_AZA8KUR_face_2.jpg,lean
female_21_AZRRSSK_face_0.jpg,lean
female_21_B8ASKZG_face_0.jpg,lean
female_21_B8GQAYN_face_0.jpg,lean
female_21_B8NQASA_face_0.jpg,lean
female_21_BLKEHQN_face_1.jpg,lean
female_21_BMOERES_face_0.jpg,lean
female_21_BSSZARH_face_0.jpg,lean
female_21_BYE8NQA_face_1.jpg,lean
female_21_BYERKEB_face_0.jpg,lean
female_19_RRAEH8K_face_0.jpg,lean
female_19_RRKLKLK_face_0.jpg,lean
female_19_RRRUOLA_face_0.jpg,lean
female_19_RYEUHZO_face_0.jpg,lean
female_20_ARKEOZB_face_0.jpg,lean
female_20_B8HQESA_face_1.jpg,lean
female_20_EZHMHYK_face_0.jpg,lean
female_20_OEGENQB_face_0.jpg,lean
female_20_RLOEOUH_face_0.jpg,lean
female_20_RRBLERS_face_1.jpg,lean
female_20_RSBMGZA_face_0.jpg,lean
female_20_RYOURYK_face_0.jpg,lean
female_21_AQGZRSB_face_0.jpg,lean
female_21_E8HUGEH_face_1.jpg,lean
female_21_ELBRRRA_face_0.jpg,lean
female_21_EQS8RQK_face_1.jpg,lean
female_21_ESEZOUN_face_0.jpg,lean
female_21_EUARAQH_face_0.jpg,lean
female_21_EUNSAUG_face_1.jpg,lean
female_21_G8GQGRH_face_0.jpg,lean
female_21_GEELASO_face_0.jpg,lean
female_21_GEELASO_face_1.jpg,lean
female_21_GEERRSO_face_0.jpg,lean
female_21_GESSOZO_face_0.jpg,lean
female_21_GLBEERK_face_1.jpg,lean
female_21_GMBLOYA_face_0.jpg,lean
female_21_GMBLOYA_face_1.jpg,lean
female_21_GRNSOZG_face_0.jpg,lean
female_21_GUK8ARN_face_0.jpg,lean
female_21_GZSUSMK_face_0.jpg,lean
female_21_KQAMNYK_face_0.jpg,lean
female_21_N8NUGYA_face_0.jpg,lean
female_21_N8RLNZE_face_0.jpg,lean
female_21_NRAMEME_face_0.jpg,lean
female_21_OLNLGEK_face_2.jpg,lean
female_21_OMGMNEA_face_2.jpg,lean
female_21_OQBSNRA_face_0.jpg,lean
female_21_OUEUOZB_face_0.jpg,lean
female_21_RLALNSS_face_0.jpg,lean
female_21_RLSZOQB_face_0.jpg,lean
female_21_RMELRYH_face_3.jpg,lean
female_21_RMN8AYE_face_0.jpg,lean
female_21_RQBMAEN_face_0.jpg,lean
female_21_RQBUNEB_face_0.jpg,lean
female_21_RQORNEA_face_1.jpg,lean
female_21_RRBZSRK_face_1.jpg,lean
female_21_RRHEHMH_face_0.jpg,lean
female_21_RRHQR8N_face_0.jpg,lean
female_21_RRHYSEG_face_0.jpg,lean
female_21_RRKEAEG_face_0.jpg,lean
female_21_RRKUBQO_face_0.jpg,lean
female_21_RRKZALE_face_0.jpg,lean
female_21_RRKZH8N_face_0.jpg,lean
female_21_RRNEBUB_face_1.jpg,lean
female_21_RRNUKZR_face_1.jpg,lean
female_21_RRNURLN_face_0.jpg,lean
female_21_RRNZOYK_face_0.jpg,lean
female_21_RRO8ERA_face_2.jpg,lean
female_21_RRO8HSG_face_0.jpg,lean
female_21_RRSMNQH_face_0.jpg,lean
female_21_RRSSAZH_face_0.jpg,lean
female_21_RSBQNSA_face_0.jpg,lean
female_21_RSR8KSN_face_0.jpg,lean
female_21_RSRYKMS_face_0.jpg,lean
female_21_RUGQH8H_face_0.jpg,lean
female_21_RUKLKY_face_0.jpg,lean
female_21_RUN8NUE_face_0.jpg,lean
female_21_RYGRGLB_face_0.jpg,lean
female_21_RYNQBYH_face_0.jpg,lean
female_22_A8SMHSR_face_0.jpg,lean
female_22_AEBYOSH_face_0.jpg,lean
female_22_ASNSHMA_face_0.jpg,lean
female_22_AUARBUS_face_0.jpg,lean
female_22_AZNLGSK_face_1.jpg,lean
female_22_B8SLN8K_face_0.jpg,lean
female_22_BQGQHRE_face_0.jpg,lean
female_22_E8GRBEE_face_0.jpg,lean
female_22_EEKRSRS_face_0.jpg,lean
female_22_EENUG8B_face_0.jpg,lean
female_22_EMSMBMS_face_0.jpg,lean
female_22_EMSMBMS_face_1.jpg,lean
female_22_EQNMRLB_face_0.jpg,lean
female_22_EYEERRA_face_0.jpg,lean
female_22_EZSRRUN_face_0.jpg,lean
female_22_GQAQGMK_face_1.jpg,lean
female_22_GQAQGMK_face_2.jpg,lean
female_22_GSALRRK_face_0.jpg,lean
female_22_GSGUHLB_face_0.jpg,lean
female_22_GSHERQE_face_0.jpg,lean
female_22_GSHERQE_face_1.jpg,lean
female_22_GSHERQE_face_3.jpg,lean
female_22_GUEEOYK_face_0.jpg,lean
female_22_K8BZRSS_face_0.jpg,lean
female_22_N8SMOLA_face_1.jpg,lean
female_22_NMSEKEK_face_0.jpg,lean
female_22_NQHZHUE_face_0.jpg,lean
female_22_NZSYA8N_face_0.jpg,lean
female_22_O8EUEUA_face_0.jpg,lean
female_22_OEOSEMO_face_2.jpg,lean
female_22_OYHYNEB_face_2.jpg,lean
female_22_OZH8BRA_face_0.jpg,lean
female_22_RLKLRMK_face_0.jpg,lean
female_22_RLKZAQB_face_0.jpg,lean
female_22_RLO8OSH_face_0.jpg,lean
female_22_RLRMKLB_face_1.jpg,lean
female_22_RLSLBSS_face_2.jpg,lean
female_22_RLSMOQS_face_1.jpg,lean
female_22_RLSRBZR_face_0.jpg,lean
female_22_RMEMKSG_face_0.jpg,lean
female_22_RQAQRSS_face_0.jpg,lean
female_22_RQAROMH_face_0.jpg,lean
female_22_RQASSUH_face_0.jpg,lean
female_22_RQEMRZG_face_0.jpg,lean
female_22_RQERAQR_face_0.jpg,lean
female_22_RQGUG8E_face_0.jpg,lean
female_22_RQSUNRS_face_1.jpg,lean
female_22_RQSYOMN_face_0.jpg,lean
female_22_RRAYNSR_face_1.jpg,lean
female_22_RRBUGER_face_1.jpg,lean
female_22_RREEREA_face_1.jpg,lean
female_22_RREMNYR_face_0.jpg,lean
female_22_RRESRLN_face_0.jpg,lean
female_22_RRGEB8S_face_0.jpg,lean
female_22_RRKSN8G_face_0.jpg,lean
female_22_RRN8NMR_face_0.jpg,lean
female_22_RRN8NZG_face_0.jpg,lean
female_22_RROUOEK_face_0.jpg,lean
female_22_RRSLNSB_face_0.jpg,lean
female_22_RSGQOEK_face_0.jpg,lean
female_22_RSHUHSS_face_0.jpg,lean
female_22_RSOLA8N_face_0.jpg,lean
female_22_RSOMGLS_face_0.jpg,lean
female_22_RSSSKQH_face_0.jpg,lean
female_22_RSSURZO_face_0.jpg,lean
female_22_RYOREYO_face_0.jpg,lean
female_22_RYSEKMO_face_0.jpg,lean
female_23_A8AEALB_face_0.jpg,lean
female_23_AEGREZB_face_0.jpg,lean
female_23_AER8ERO_face_0.jpg,lean
female_23_ALKQELH_face_1.jpg,lean
female_23_ALNEBUH_face_0.jpg,lean
female_23_AQHRHSN_face_1.jpg,lean
female_23_AREQO8A_face_2.jpg,lean
female_23_ARG8NLS_face_0.jpg,lean
female_23_AYGLKMO_face_0.jpg,lean
female_23_AZAQBEH_face_0.jpg,lean
female_23_BZRMGEK_face_0.jpg,lean
female_23_E8KRGQS_face_0.jpg,lean
female_23_E8OURUE_face_0.jpg,lean
female_23_ELOUHYH_face_0.jpg,lean
female_23_EQAEOQE_face_2.jpg,lean
female_23_EQKESMK_face_0.jpg,lean
female_23_EUHQGSR_face_0.jpg,lean
female_23_EYNRS8_face_1.jpg,lean
female_23_G8SRBRH_face_0.jpg,lean
female_23_GSBQEQA_face_0.jpg,lean
female_23_GSHEAMB_face_0.jpg,lean
female_23_KMALSMK_face_0.jpg,lean
female_23_KMRYHMO_face_0.jpg,lean
female_23_KZNLGZA_face_0.jpg,lean
female_23_NLGZGLG_face_0.jpg,lean
female_23_NQBMBQA_face_0.jpg,lean
female_23_NUAUOLO_face_0.jpg,lean
female_23_OZHUSZK_face_0.jpg,lean
female_23_RLAUAEE_face_0.jpg,lean
female_23_RLB8SZG_face_0.jpg,lean
female_23_RLBLKZB_face_0.jpg,lean
female_23_RLBMKYN_face_1.jpg,lean
female_23_RLGMHSE_face_0.jpg,lean
female_23_RLNSRMH_face_0.jpg,lean
female_23_RLNZGRK_face_0.jpg,lean
female_23_RMKSSUE_face_0.jpg,lean
female_23_RMRRBMK_face_0.jpg,lean
female_23_RQEQGLS_face_1.jpg,lean
female_23_RQHEKES_face_1.jpg,lean
female_23_RQHMHSR_face_0.jpg,lean
female_23_RQNLBMO_face_0.jpg,lean
female_23_RQORK8A_face_0.jpg,lean
female_23_RRKMGMS_face_0.jpg,lean
female_23_RRKUSUO_face_0.jpg,lean
female_23_RROQALR_face_0.jpg,lean
female_23_RRREOQK_face_0.jpg,lean
female_23_RSBMHQK_face_0.jpg,lean
female_23_RSEZGUB_face_0.jpg,lean
female_23_RSGMGER_face_0.jpg,lean
female_23_RSGRS8K_face_0.jpg,lean
female_23_RSRMAEB_face_1.jpg,lean
female_23_RSSRSZE_face_1.jpg,lean
female_23_RUA8G8A_face_0.jpg,lean
female_23_RUBYKRR_face_0.jpg,lean
female_23_RUG8NZE_face_0.jpg,lean
female_23_RUKYORS_face_0.jpg,lean
female_23_RYSQKYO_face_1.jpg,lean
female_23_RYSSBEE_face_0.jpg,lean
female_24_A8SQHES_face_0.jpg,lean
female_24_AQGYR8B_face_0.jpg,lean
female_24_ARRYH8N_face_1.jpg,lean
female_24_AUNRKYN_face_0.jpg,lean
female_24_AUNYSLH_face_1.jpg,lean
female_24_AUSYKYK_face_0.jpg,lean
female_24_AZR8NYR_face_0.jpg,lean
female_24_AZSZKES_face_0.jpg,lean
female_24_BEHZSEO_face_0.jpg,lean
female_24_BUARGEK_face_1.jpg,lean
female_24_BUREAYA_face_0.jpg,lean
female_21_GQEQEEE_face_0.jpg,lean
female_21_RMAYGSS_face_1.jpg,lean
female_21_RRNRNMG_face_0.jpg,lean
female_21_RUN8OUE_face_0.jpg,lean
female_22_EUBUSYR_face_0.jpg,lean
female_22_NUBZOQS_face_1.jpg,lean
female_22_RQASSEK_face_0.jpg,lean
female_22_RRKZRUO_face_0.jpg,lean
female_23_A8SQSSA_face_0.jpg,lean
female_23_ELSYGSR_face_0.jpg,lean
female_23_OYNROEG_face_0.jpg,lean
female_23_RRGMNEA_face_0.jpg,lean
female_23_RYBRBQR_face_0.jpg,lean
female_18_RRGMOMR_face_0.jpg,lean
female_19_RLSUEQR_face_0.jpg,lean
female_21_BYKZSYR_face_0.jpg,lean
female_24_E8BUKES_face_0.jpg,lean
female_24_E8HMHRE_face_0.jpg,lean
female_24_EUS8BMR_face_0.jpg,lean
female_24_EZRLGUO_face_0.jpg,lean
female_24_GZBZEUN_face_0.jpg,lean
female_24_KLORAUR_face_0.jpg,lean
female_24_KLORAUR_face_1.jpg,lean
female_24_N8RMHUS_face_1.jpg,lean
female_24_OMSMEMG_face_0.jpg,lean
female_24_RLNRAUG_face_1.jpg,lean
female_24_RLRMKZR_face_0.jpg,lean
female_24_RLRSSRG_face_0.jpg,lean
female_24_RMOMOSN_face_0.jpg,lean
female_24_RQB8EZO_face_0.jpg,lean
female_24_RQEUOLR_face_0.jpg,lean
female_24_RQNYHME_face_0.jpg,lean
female_24_RQRYBUN_face_0.jpg,lean
female_24_RQSQEYE_face_0.jpg,lean
female_24_RRBEAZA_face_0.jpg,lean
female_24_RRGEKRK_face_0.jpg,lean
female_24_RRGSKEH_face_0.jpg,lean
female_24_RRH8B8H_face_0.jpg,lean
female_24_RRHYEEA_face_0.jpg,lean
female_24_RRNZBMB_face_1.jpg,lean
female_24_RRNZELA_face_1.jpg,lean
female_24_RRNZSUG_face_0.jpg,lean
female_24_RROLB8N_face_1.jpg,lean
female_24_RROUNLB_face_0.jpg,lean
female_24_RRSLO8E_face_0.jpg,lean
female_24_RSALHQO_face_0.jpg,lean
female_24_RSALHQO_face_1.jpg,lean
female_24_RSGLNYB_face_0.jpg,lean
female_24_RSRRKQA_face_0.jpg,lean
female_24_RSRURLA_face_0.jpg,lean
female_24_RSRZGRG_face_0.jpg,lean
female_24_RSSSG8O_face_0.jpg,lean
female_24_RUHSBLN_face_0.jpg,lean
female_24_RYRLNES_face_1.jpg,lean
female_24_SSESKL_face_0.jpg,lean
female_25_A8NYAQK_face_0.jpg,lean
female_25_A8SZAQO_face_0.jpg,lean
female_25_AMBURRH_face_0.jpg,lean
female_25_ASKEKZB_face_0.jpg,lean
female_25_EMG8AZH_face_1.jpg,lean
female_25_EUS8ESO_face_0.jpg,lean
female_25_EZSYELR_face_0.jpg,lean
female_25_G8S8RLH_face_0.jpg,lean
female_25_GRSZRZA_face_0.jpg,lean
female_25_GYBRELK_face_0.jpg,lean
female_25_NEOQSEE_face_1.jpg,lean
female_25_NUNRSEG_face_0.jpg,lean
female_25_NZR8NQE_face_0.jpg,lean
female_25_OLHRHLO_face_0.jpg,lean
female_25_OMAQBMK_face_0.jpg,lean
female_25_OMEMKRK_face_0.jpg,lean
female_25_RLBYBUS_face_0.jpg,lean
female_25_RLGMHRK_face_0.jpg,lean
female_25_RLNLRUR_face_0.jpg,lean
female_25_RQGRAEH_face_0.jpg,lean
female_25_RQRQSUN_face_0.jpg,lean
female_25_RQSYSYE_face_0.jpg,lean
female_25_RREUBSE_face_0.jpg,lean
female_25_RRKEOZG_face_0.jpg,lean
female_25_RRO8ARH_face_0.jpg,lean
female_25_RSEZNQO_face_0.jpg,lean
female_25_RSNLBEO_face_1.jpg,lean
female_25_RSORASH_face_1.jpg,lean
female_25_RSOSASO_face_0.jpg,lean
female_25_RSOYB8G_face_0.jpg,lean
female_25_RUAZG8A_face_0.jpg,lean
female_25_RUOQBEG_face_1.jpg,lean
female_25_RURUNSA_face_0.jpg,lean
female_25_RYSSRMB_face_0.jpg,lean
female_26_A8HUHEB_face_0.jpg,lean
female_26_ALAYGSR_face_0.jpg,lean
female_26_AMASRUO_face_0.jpg,lean
female_26_AQEEREK_face_0.jpg,lean
female_26_AQNRNYH_face_0.jpg,lean
female_26_AUNEESN_face_1.jpg,lean
female_26_AYR8H8E_face_0.jpg,lean
female_26_AZHREZN_face_0.jpg,lean
female_26_BUSREZK_face_0.jpg,lean
female_26_ELR8BLR_face_0.jpg,lean
female_26_EQORBSR_face_0.jpg,lean
female_26_GLORALS_face_0.jpg,lean
female_26_GROUGYR_face_1.jpg,lean
female_26_GYBZO8G_face_0.jpg,lean
female_26_KSBSN8B_face_0.jpg,lean
female_26_KUAQBUR_face_0.jpg,lean
female_26_N8AEORG_face_0.jpg,lean
female_26_NRNSHLE_face_0.jpg,lean
female_26_NUBSKEK_face_0.jpg,lean
female_26_RLHEB8G_face_0.jpg,lean
female_26_RLNRSLE_face_1.jpg,lean
female_26_RLOEKZH_face_1.jpg,lean
female_26_RLORNLH_face_1.jpg,lean
female_26_RLRSBZE_face_0.jpg,lean
female_26_RLRZARG_face_0.jpg,lean
female_26_RMOQKRN_face_1.jpg,lean
female_26_RQAYSME_face_2.jpg,lean
female_26_RQHZEQG_face_1.jpg,lean
female_26_RRAEK8S_face_0.jpg,lean
female_26_RRK8KLN_face_0.jpg,lean
female_26_RRKLAUK_face_0.jpg,lean
female_26_RRKLNEB_face_1.jpg,lean
female_26_RRNLR8A_face_0.jpg,lean
female_26_RRNMNEH_face_0.jpg,lean
female_26_RROMNER_face_1.jpg,lean
female_26_RROZAYA_face_0.jpg,lean
female_26_RRREHSR_face_0.jpg,lean
female_26_RSAERUH_face_0.jpg,lean
female_26_RSBERLG_face_0.jpg,lean
female_26_RSEMNSO_face_0.jpg,lean
female_26_RSEZKLE_face_0.jpg,lean
female_26_RYALSMB_face_0.jpg,lean
female_26_RYNEKSO_face_0.jpg,lean
female_26_RYNQERH_face_0.jpg,lean
female_27_ALSQHUO_face_0.jpg,lean
female_27_AQEMGEH_face_0.jpg,lean
female_27_ASOMGE_face_0.jpg,lean
female_27_AUSZHLG_face_0.jpg,lean
female_27_BYOEBEA_face_0.jpg,lean
female_27_E8HUBUS_face_0.jpg,lean
female_27_E8RSAEN_face_0.jpg,lean
female_27_GQHSALB_face_0.jpg,lean
female_27_RQBLEZB_face_0.jpg,lean
female_27_RRK8E8E_face_0.jpg,lean
female_27_RRKQKUK_face_1.jpg,lean
female_27_RSEQNLN_face_0.jpg,lean
female_28_A8BMGZN_face_0.jpg,lean
female_28_A8SZAUE_face_0.jpg,lean
female_28_AEKSKQH_face_0.jpg,lean
female_28_ASRROYS_face_0.jpg,lean
female_28_AUHSH8S_face_1.jpg,lean
female_28_AZRMAZG_face_0.jpg,lean
female_28_BLRYRZK_face_0.jpg,lean
female_28_GYKYHUB_face_0.jpg,lean
female_28_NUKUELK_face_1.jpg,lean
female_28_O8SSKYE_face_0.jpg,lean
female_28_RLSUKUN_face_0.jpg,lean
female_28_RLSZOLS_face_0.jpg,lean
female_28_RQSMOLS_face_0.jpg,lean
female_28_RQSSSSG_face_0.jpg,lean
female_28_RROMKME_face_0.jpg,lean
female_28_RSBZB8O_face_0.jpg,lean
female_28_RUAMNQO_face_0.jpg,lean
female_28_RYEZSYO_face_0.jpg,lean
female_28_RYNEEZO_face_1.jpg,lean
female_29_AESYGYR_face_0.jpg,lean
female_29_AQG8NYB_face_0.jpg,lean
female_29_AZNLGLS_face_0.jpg,lean
female_29_BMAZBMR_face_0.jpg,lean
female_29_E8NSEQO_face_0.jpg,lean
female_29_GUHRBSA_face_0.jpg,lean
female_29_O8HUHUH_face_0.jpg,lean
female_29_RLNQOME_face_0.jpg,lean
female_29_RMHUS8B_face_0.jpg,lean
female_29_RQNQGMG_face_0.jpg,lean
female_29_RRASEQN_face_0.jpg,lean
female_29_RRE8ARN_face_0.jpg,lean
female_29_RROSHLB_face_1.jpg,lean
female_29_RROYRUR_face_0.jpg,lean
female_29_RRRUBEN_face_0.jpg,lean
female_29_RSAZRZA_face_0.jpg,lean
female_29_RUOQKRE_face_0.jpg,lean
female_29_RZEUKU_face_0.jpg,lean
female_30_AEKEBME_face_1.jpg,lean
female_30_AMRMNYB_face_2.jpg,lean
female_30_AREEBMA_face_1.jpg,lean
female_30_RLG8HUB_face_0.jpg,lean
female_30_RLH8GQH_face_0.jpg,lean
female_30_RLNMNLO_face_0.jpg,lean
female_30_RRGYNMH_face_0.jpg,lean
female_30_RRHSHYK_face_0.jpg,lean
female_30_RRKYHLA_face_1.jpg,lean
female_30_RRN8KYN_face_0.jpg,lean
female_30_RRO8GSK_face_0.jpg,lean
female_30_RRRRBSR_face_1.jpg,lean
female_30_RRSYKER_face_0.jpg,lean
female_30_RSEUGLB_face_0.jpg,lean
female_30_RSRQSYG_face_0.jpg,lean
female_31_AEEUBMA_face_0.jpg,lean
female_31_BSKSAZB_face_0.jpg,lean
female_31_EQRUBZR_face_1.jpg,lean
female_31_RLBURLB_face_0.jpg,lean
female_31_RQGUSMN_face_0.jpg,lean
female_31_RRAQSEA_face_0.jpg,lean
female_31_RRNURZN_face_0.jpg,lean
female_31_RUEUO8G_face_0.jpg,lean
female_31_RUORBSN_face_0.jpg,lean
female_32_ALOZSLR_face_0.jpg,lean
female_32_AUBMOZA_face_0.jpg,lean
female_32_AZSUNSA_face_0.jpg,lean
female_32_EMBEOYG_face_0.jpg,lean
female_32_ERBSEZA_face_0.jpg,lean
female_32_OSGEARH_face_0.jpg,lean
female_32_RQAMKRA_face_0.jpg,lean
female_24_RQB8NEN_face_0.jpg,lean
female_24_RRSENLN_face_0.jpg,lean
female_25_AZNZHSE_face_0.jpg,lean
female_25_RLOMBYE_face_0.jpg,lean
female_26_A8GMOMG_face_0.jpg,lean
female_26_GYOZRYA_face_0.jpg,lean
female_26_RQE8GQN_face_0.jpg,lean
female_26_RUOLALA_face_0.jpg,lean
female_27_RYRLBQH_face_0.jpg,lean
female_28_RRKYOSS_face_0.jpg,lean
female_29_RMESEYS_face_1.jpg,lean
female_30_NUBLALG_face_1.jpg,lean
female_31_E8GRNQH_face_0.jpg,lean
female_32_RQKYRLO_face_0.jpg,lean
female_34_RRHQOYO_face_0.jpg,lean
female_36_ALHUNEK_face_0.jpg,lean
female_36_RRO8SRH_face_1.jpg,lean
female_37_RROYRQA_face_0.jpg,lean
female_32_RRHSRER_face_0.jpg,lean
female_32_RRRRNEK_face_0.jpg,lean
female_32_RRSSOZB_face_0.jpg,lean
female_33_ARKRALH_face_1.jpg,lean
female_33_AZGROMO_face_0.jpg,lean
female_33_BRHEKYK_face_0.jpg,lean
female_33_GZRRERH_face_0.jpg,lean
female_33_RLSSNLA_face_2.jpg,lean
female_33_RRNLS8G_face_0.jpg,lean
female_33_RROUKMH_face_0.jpg,lean
female_33_RRRUHER_face_0.jpg,lean
female_33_RYAQKLR_face_1.jpg,lean
female_34_RLE8BZE_face_1.jpg,lean
female_34_RLRLNEG_face_0.jpg,lean
female_34_RRKYRYK_face_0.jpg,lean
female_34_RRNZBUR_face_0.jpg,lean
female_35_EEHZRE_face_0.jpg,lean
female_35_ELREEEN_face_0.jpg,lean
female_35_OEOSEZR_face_0.jpg,lean
female_35_RLRSNLN_face_0.jpg,lean
female_35_RMEUBUE_face_1.jpg,lean
female_35_RQAMGQB_face_0.jpg,lean
female_35_RQNYGRR_face_0.jpg,lean
female_35_RRALAMB_face_0.jpg,lean
female_35_RRN8AQB_face_0.jpg,lean
female_35_RRNSERG_face_1.jpg,lean
female_35_RRRUN8K_face_0.jpg,lean
female_36_BMAYEQE_face_0.jpg,lean
female_36_BZKRBRK_face_0.jpg,lean
female_36_EQSYHZK_face_0.jpg,lean
female_36_ERR8HYK_face_0.jpg,lean
female_36_GUGSNQB_face_0.jpg,lean
female_36_NRRQA8A_face_0.jpg,lean
female_36_OEBSOYN_face_0.jpg,lean
female_36_RLGRSMN_face_1.jpg,lean
female_36_RLNUNRE_face_2.jpg,lean
female_36_RLRSEZS_face_1.jpg,lean
female_36_RREMSRG_face_1.jpg,lean
female_36_RRHYK8K_face_0.jpg,lean
female_36_RRNMSSS_face_0.jpg,lean
female_36_RRRRA8R_face_0.jpg,lean
female_36_RRRYKLS_face_0.jpg,lean
female_37_AENMSYH_face_0.jpg,lean
female_37_BMEUK8N_face_1.jpg,lean
female_37_E8BZSZA_face_1.jpg,lean
female_37_ORHRR8S_face_0.jpg,lean
female_37_RLBSO8O_face_0.jpg,lean
female_37_RLKQB8H_face_0.jpg,lean
female_37_RMASRUA_face_0.jpg,lean
female_37_RMRQBEH_face_0.jpg,lean
female_37_RQBYHZK_face_2.jpg,lean
female_37_RRNQNQK_face_1.jpg,lean
female_37_RROSNRA_face_0.jpg,lean
female_37_RRSQNRE_face_0.jpg,lean
female_38_ALAQKEA_face_0.jpg,lean
female_38_B8EMNLN_face_0.jpg,lean
female_38_GZNLKZO_face_3.jpg,lean
female_38_RMOSN8H_face_0.jpg,lean
female_38_RQOESUG_face_1.jpg,lean
female_38_RRHSH8N_face_0.jpg,lean
female_39_AEEMB8O_face_0.jpg,lean
female_39_AURMGEO_face_0.jpg,lean
female_39_AZREEQE_face_0.jpg,lean
female_39_GMEUEME_face_0.jpg,lean
female_39_GSK8SRG_face_0.jpg,lean
female_39_OEO8BUK_face_0.jpg,lean
female_39_RLBLBYA_face_1.jpg,lean
female_39_RLEUKMA_face_0.jpg,lean
female_39_RLSQAZE_face_0.jpg,lean
female_39_RRBRKUA_face_0.jpg,lean
female_39_RRG8REG_face_0.jpg,lean
female_40_A8KYEUG_face_0.jpg,lean
female_40_AQOUS8K_face_0.jpg,lean
female_40_ASAZSZE_face_0.jpg,lean
female_40_RLHSOSR_face_0.jpg,lean
female_40_RSAZRYN_face_0.jpg,lean
female_40_RURES8S_face_0.jpg,lean
